END,EOL,,ROUTER,,,TYPE,,,SPECS,,,,,,DIMENSIONS (INCHES),,,PORTS / CHANNELS / SLOTS,,,,,,,,,,,,,,PERFORMANCE,,MEMORY MB,,,,THROUGHPUT - MBPS,,MAXIMUM STREAMS / CHANNELS,,,,,,,,FEATURES,,,,,,,,,,
SKU,EOL,YEAR,MAKE,SERIES,MODEL,A,B,C,IOS,BASE,USERS,SLOTS,RU,POE(W),HEIGHT,WIDTH,DEPTH,LAN,TP,WAN,TP,LAN/WAN,RJ-45,SFP,PVDM,VPN,USB,BRI VOICE,FXS,FXO,DSP,KPPS,MPPS,RAM MIN,RAM MAX,FLASH MIN,FLASH MAX,MIN,MAX,SRST,CUCM,CCME,CUBE,CUE,TCP,IPSEC,T1/E1,SECURITY,VOICE,QoS,3G/4G,GPS,RPS,EXTERNAL,WIRELESS,PRICE,NOTES,DATASHEET
RV130-WB-K9-G5,OK,2016,Cisco,RV,RV130,Small Business,RV,,Linux,,,,,,,,,4,10/100/1000,1,10/100/1000,,,,,,1,,,,,,,,,,,50,800,,,,,,,10,,YES,,,4G,,,,,$223,,http://www.cisco.com/c/en/us/products/collateral/routers/small-business-rv-series-routers/datasheet-c78-731521.html
CISCO1921/K9,OK,2016,Cisco,1900,1921,Branch,ISR,ISR,15M,IOS Security,,,1,,,,,2,10/100/1000,2,,,2,,,,,,,,,,,512,512,256,256,25,50,,,,,,,,,YES,,,,,,,,"$1,278",CE,http://www.cisco.com/c/en/us/products/collateral/routers/1900-series-integrated-services-routers-isr/data_sheet_c78-598389.html
CISCO1941/K9,OK,2016,Cisco,1900,1941,Branch,ISR,ISR,15M,IP Base,,,2,80,,,,2,10/100/1000,2,,,2,,,,,,,,,,,512,2000,256,8000,25,50,,,,,,,,,YES,,,,,,,,"$1,595",CE,http://www.cisco.com/c/en/us/products/collateral/routers/1900-series-integrated-services-routers-isr/data_sheet_c78_556319.html
C819G-4G-GA-K9,OK,2016,Cisco,810,819G,Small Business,Wireless Router,ISR,15.4(3)M1,,20,,,,,,,4,10/100,,10/100/1000,,,,,,,,,,,,,1000,1000,1000,1000,50,100,,,,,,,20,,YES,,YES,4G,YES,,,,"$1,979",Wireless Router,http://www.cisco.com/c/en/us/products/collateral/routers/819-integrated-services-router-isr/datasheet_c78-732558.html
CISCO2901/K9,OK,2016,Cisco,2900,2901,Branch,ISR,ISR,15.0(1)M,IP Base,,,1,130,,,,2,10/100/1000,4,10/100/1000,,2,,,,2,,,,2,,,512,2000,256,8000,35,50,35,,35,100,,,,,YES,YES,YES,,,,,YES,"$1,995",CE,http://www.cisco.com/c/en/us/products/routers/2901-integrated-services-router-isr/index.html
L-CSR-10M-IPB=,OK,2016,Cisco,1000V,IP Base,Virtual,,,XE 3.16,,,,,,,,,,,,,,,,,,,,,,,,,,,,,10,10000,,,,,,,,,YES,,YES,,,,,,"$1,173",,http://www.cisco.com/c/en/us/products/collateral/routers/cloud-services-router-1000v-series/datasheet-c78-733443.html
IR809G-LTE-GA-K9,OK,2016,Cisco,800,809,Industrial,ISR,ISR,15.5(3)M,Advanced IP Services,,,,,,,,2,10/100/1000,2,,,,,,,,,,,,,,2000,2000,8000,8000,50,100,,,,,,,20,,,YES,YES,4G,YES,,,YES,"$2,027",,http://www.cisco.com/c/en/us/products/collateral/routers/809-industrial-router/datasheet-c78-734980.html
CISCO1941W-A/K9,OK,2016,Cisco,1900,1941W,Branch,ISR,Wireless Router,,IP Base,,,,,,,,2,10/100/1000,2,,,2,,,,,,,,,,,512,2000,256,8000,25,25,,,,,,,,,YES,,,,,,,YES,"$2,095",Wireless Router,http://www.cisco.com/c/en/us/products/routers/1941w-integrated-services-router-isr/index.html
ISR4321/K9,OK,2016,Cisco,4000,4321,Branch,ISR,ISR,,,,,1,120,,,,,,2,,2,2,1,1,,1,,,,,,,4000,8000,4000,8000,50,100,50,50,,100,,,,240,YES,YES,YES,,,NO,,,"$2,202",,http://www.cisco.com/c/en/us/products/collateral/routers/4000-series-integrated-services-routers-isr/datasheet-c78-732542.html?cachemode=refresh
C819GW-LTE-GA-EK9,OK,2016,Cisco,810,819GW,Small Business,Wireless Router,ISR,15.5(2)T1,,20,,,,,,,4,10/100,,10/100/1000,,,,,,,,,,,,,1000,1000,1000,1000,50,100,,,,,,,20,,YES,YES,YES,4G,YES,,,YES,"$2,448",Wireless Router,http://www.cisco.com/c/en/us/products/collateral/routers/819-integrated-services-router-isr/datasheet-C78-734216.html
CISCO3825,EOL,2011,Cisco,3800,3825,Branch,ISR,Router,,,,,,,,,,2,,4,,,2,1,?,2000,,,,,,,,512,1000,128,512,,,730,250,,,250,,,24,YES,?,,,,YES,,YES,RF,,http://www.cisco.com/c/en/us/products/collateral/routers/3800-series-integrated-services-routers-isr/product_data_sheet0900aecd8016a8e8.html
CISCO3845,EOL,2011,Cisco,3800,3845,Branch,ISR,Router,,,,,,,,,,2,,4,,,2,1,?,2000,,,,,,,,512,1000,128,512,,,730,250,,,250,,,24,YES,?,,,,YES,,YES,RF,,http://www.cisco.com/c/en/us/products/collateral/routers/3800-series-integrated-services-routers-isr/product_data_sheet0900aecd8016a8e8.html
C819GW-LTE-MNA-EK9,OK,2016,Cisco,810,819GW,Small Business,Wireless Router,ISR,15.5(3)M,,20,,,,,,,4,10/100,,10/100/1000,,,,,,,,,,,,,1000,1000,1000,1000,50,100,,,,,,,20,,YES,YES,YES,4G,YES,,,YES,"$2,483",Wireless Router,http://www.cisco.com/c/en/us/products/collateral/routers/819-integrated-services-router-isr/datasheet-C78-734216.html
CISCO2911/K9,OK,2016,Cisco,2900,2911,Branch,ISR,ISR,15.0(1)M,IP Base,,,2,200,,,,3,10/100/1000,3,10/100/1000,,3,,,,2,,,,2,,,512,2000,256,8000,50,50,50,,50,200,,,,,YES,YES,YES,,,,,YES,"$2,695",,http://www.cisco.com/c/en/us/products/routers/2911-integrated-services-router-isr/index.html
IR829GW-LTE-GA-EK9,OK,2016,Cisco,800,829,Industrial,ISR,ISR,15.5(3)M,,,,,30,,,,4,10/100/1000,2,,,,1,,,,,,,,,,2000,2000,8000,8000,50,100,,,,,,,20,,,YES,YES,4G,YES,,,YES,"$3,197",,http://www.cisco.com/c/en/us/products/collateral/routers/829-industrial-router/datasheet-c78-734981.html
ISR4331/K9,OK,2016,Cisco,4000,4331,Branch,ISR,ISR,,,,,1,250,,,,,10/100/1000,2,,3,2,2,1,,1,,,,,,,4000,16000,4000,16000,150,150,100,100,,400,,,,360,YES,YES,YES,,,NO,,,"$3,642",CE,http://www.cisco.com/c/en/us/products/collateral/routers/4000-series-integrated-services-routers-isr/datasheet-c78-732542.html
CISCO2801,EOL,2011,Cisco,2800,2801,Branch,ISR,Router,,,,,,120,,,,2,10/100,2,,,,,?,,1,,,,2,,,128,384,64,128,,,,,,,,,,,YES,,,,,,,YES,RF,,http://www.cisco.com/c/en/us/products/collateral/routers/2800-series-integrated-services-routers-isr/product_data_sheet0900aecd8016fa68.html
CISCO2811,EOL,2011,Cisco,2800,2811,Branch,ISR,Router,,,,,,160,,,,2,10/100,4,,,,,?,,2,,,,2,,,256,768,64,,,,,,,,,,,,YES,,,,,YES,,YES,RF,,http://www.cisco.com/c/en/us/products/collateral/routers/2800-series-integrated-services-routers-isr/product_data_sheet0900aecd8016fa68.html
CISCO2821,EOL,2011,Cisco,2800,2821,Branch,ISR,Router,,,,,,240,,,,2,10/100/1000,4,,,,,?,,,,,,3,,,256,1000,256,,,,,,,,,,,,YES,,,,,,,YES,RF,,http://www.cisco.com/c/en/us/products/collateral/routers/2800-series-integrated-services-routers-isr/product_data_sheet0900aecd8016fa68.html
CISCO2851,EOL,2011,Cisco,2800,2851,Branch,ISR,Router,,,,,,360,,,,2,10/100/1000,4,,,,,?,,,,,,3,,,,,,,,,,,,,,,,,YES,,,,,,,YES,RF,,http://www.cisco.com/c/en/us/products/collateral/routers/2800-series-integrated-services-routers-isr/product_data_sheet0900aecd8016fa68.html
CISCO2921/K9,OK,2016,Cisco,2900,2921,Branch,ISR,ISR,15.0(1)M,IP Base,,,2,280,,,,2,10/100/1000,4,10/100/1000,,2,1,,,2,,,,3,,,512,2000,256,8000,50,60,100,,100,400,,,,,YES,YES,YES,,,,,YES,"$3,695",CE,http://www.cisco.com/c/en/us/products/routers/2921-integrated-services-router-isr/index.html
CISCO2951/K9,OK,2016,Cisco,2900,2951,Branch,ISR,ISR,15.0(1)M,IP Base,,,2,370,,,,3,10/100/1000,4,10/100/1000,,2,1,,,2,,,,3,,,512,2000,256,8000,75,120,250,,150,600,,,,,YES,YES,YES,,,YES,,YES,"$7,500",CE,http://www.cisco.com/c/en/us/products/routers/2951-integrated-services-router-isr/index.html
ISR4351/K9,OK,2016,Cisco,4000,4351,Branch,ISR,ISR,,,,,1,500,,,,,,3,,3,3,3,1,,2,,,,,,,4000,16000,4000,16000,200,400,750,250,,1000,,,,720,YES,YES,YES,,,NO,,,"$8,829",,http://www.cisco.com/c/en/us/products/collateral/routers/4000-series-integrated-services-routers-isr/datasheet-c78-732542.html?cachemode=refresh
CISCO1905/K9-RF,EOL,2016,Cisco,1900,1905,Branch,ISR,Router,,IP Base,,,,80,,,,2,,1,,,2,,?,,,,,,,,,256,512,256,256,10,10,,,,,,,,,YES,,,,,NO,,,RF,Wireless Router,http://www.cisco.com/c/dam/en/us/products/routers/1905-serial-integrated-services-router-isr/data_sheet_c78-598372.pdf
CISCO1801/K9,EOL,2016,Cisco,1800,1801,Branch,ISR,Router,,IP Base,,,,,,,,8,,1,10/100,,,,?,,,,,,,,,256,384,64,128,100,100,,,,,,,,,YES,,,,,NO,,YES,RF,Wireless Router,http://www.cisco.com/c/en/us/products/collateral/routers/1801-integrated-services-router-isr/product_data_sheet0900aecd8028a95f.html
CISCO1802/K9,EOL,2016,Cisco,1800,1802,Branch,ISR,Router,,IP Base,,,,,,,,8,,1,10/100,,,,?,,,,,,,,,256,384,64,128,100,100,,,,,,,,,YES,,,,,NO,,YES,RF,Wireless Router,http://www.cisco.com/c/en/us/products/collateral/routers/1801-integrated-services-router-isr/product_data_sheet0900aecd8028a95f.html
CISCO1803/K9,EOL,2016,Cisco,1800,1803,Branch,ISR,Router,,IP Base,,,,,,,,8,,1,10/100,,,,?,,,,,,,,,256,384,64,128,100,100,,,,,,,,,YES,,,,,NO,,YES,RF,Wireless Router,http://www.cisco.com/c/en/us/products/collateral/routers/1801-integrated-services-router-isr/product_data_sheet0900aecd8028a95f.html
CISCO1805/K9,EOL,2016,Cisco,1800,1805,Branch,ISR,Router,,IP Base,,,,,,,,4,,2,10/100,,,,?,,2,,,,,,,256,384,64,128,100,100,,,,,,,,,YES,,,,,NO,,,RF,Wireless Router,http://www.cisco.com/c/en/us/products/collateral/routers/1801-integrated-services-router-isr/product_data_sheet0900aecd8028a95f.html
CISCO1811/K9,EOL,2016,Cisco,1800,1811,Branch,ISR,Router,,IP Base,,,,,,,,8,,2,10/100,,,,?,,2,,,,,,,256,384,64,128,100,100,,,,,,,,,YES,,,,,NO,,YES,RF,Wireless Router,http://www.cisco.com/c/en/us/products/collateral/routers/1801-integrated-services-router-isr/product_data_sheet0900aecd8028a95f.html
CISCO1812/K9,EOL,2016,Cisco,1800,1812,Branch,ISR,Router,,IP Base,,,,,,,,8,,2,10/100,,,,?,,2,,,,,,,256,384,64,128,100,100,,,,,,,,,YES,,,,,NO,,YES,RF,,http://www.cisco.com/c/en/us/products/collateral/routers/1801-integrated-services-router-isr/product_data_sheet0900aecd8028a95f.html
CISCO1841/K9,EOL,2016,Cisco,1800,1841,Branch,ISR,Router,,IP Base,,,,,,,,,,2,10/100,,,,?,,2,,,,,,,256,384,64,128,100,100,,,,,,,,,YES,,,,,NO,,YES,RF,,http://www.cisco.com/c/en/us/products/collateral/routers/1801-integrated-services-router-isr/product_data_sheet0900aecd8028a95f.html
CISCO1861/K9,EOL,2016,Cisco,1800,1861,Branch,ISR,Router,,IP Base,,,,,,,,,,2,10/100,,,,?,,,,,,,,,256,384,64,128,100,100,,,,,,,,,YES,,,,,NO,,,RF,,http://www.cisco.com/c/en/us/products/collateral/routers/1801-integrated-services-router-isr/product_data_sheet0900aecd8028a95f.html
CISCO861-K9 ,EOL,2016,Cisco,800,861,Branch,Router,Router,,,10,,,,,,,4,10/100,4,10/100,5,,,?,,,,,,,,,256,256,128,128,10,,,,,,,,10,,,,,,,,,,RF,,http://www.cisco.com/c/en/us/products/collateral/routers/800-series-routers/data_sheet_c78_461543.html
CISCO867-K9 ,EOL,2016,Cisco,800,867,Branch,Router,Router,,,10,,,,,,,4,10/100,4,10/100,5,,,?,,,,,,,,,256,256,128,128,10,,,,,,,,10,,,,,,,,,,RF,,http://www.cisco.com/c/en/us/products/collateral/routers/800-series-routers/data_sheet_c78_461543.html
CISCO866VAE-K9 ,OK,2016,Cisco,800,866,Branch,ISR,ISR,,Advanced Security,10,,,15,,,,4,10/100,1,10/100/1000,,,,,,1,,,,,,,256,256,56,64,10,,,,,,,,10,,,,,,,,,YES,$582,,http://www.cisco.com/c/en/us/products/collateral/routers/800-series-routers/data_sheet_c78-693249.html
CISCO867VAE-K9 ,OK,2016,Cisco,800,867,Branch,ISR,ISR,12.4(22)YB3,Advanced Security,10,,,15,,,,4,10/100,1,10/100/1000,,,,,,1,,,,,,,256,256,56,64,10,,,,,,,,10,,,,,,,,,YES,$582,,http://www.cisco.com/c/en/us/products/collateral/routers/800-series-routers/data_sheet_c78-693249.html
C812G+7-K9,EOL,2016,Cisco,800,812,Branch,ISR,Wireless Router,,Advanced IP Services,20,,,,,,,4,10/100/1000,,10/100/1000,,,,?,,,,,,,,,512,512,512,512,15,,,,,,,,20,,YES,,,3G,,,,YES,RF,Wireless Router,http://www.cisco.com/c/en/us/products/collateral/routers/800-series-routers/datasheet_c78-680001.html
C819HG-4G-G-K9,EOL,2015,Cisco,800,819,Branch,Router,Wireless Router,15.3(3)M,Advanced IP Services,20,,,,,,,4,10/100/1000,1,10/100/1000,4,,,,,,,,,,,,1000,1000,1000,1000,100,,,,,,,,20,,YES,,,4G,YES,,,YES,"$2,356",Wireless Router,http://www.cisco.com/c/en/us/products/collateral/routers/819-integrated-services-router-isr/data_sheet_c78-678459.html
CISCO881-K9,EOL,2016,Cisco,800,881,Branch,Router,Router,,Advanced Security,20,,,,,,,4,10/100,,,4,,,?,,,1,4,1,,,,,,128,128,15,,,,,,,,20,,,YES,,3G,,,,NO,RF,,http://www.cisco.com/c/en/us/products/collateral/routers/887-integrated-services-router-isr/data_sheet_c78_459542.html
CISCO88XVA-K9,EOL,2016,Cisco,800,880VA,Branch,Router,Router,,,20,,,,,,,4,10/100,,,,,,?,,1,2,4,4,,,,256,768,128,128,15,15,,,,,,,,,,,,3G,,,,,RF,"886, 887",http://www.cisco.com/c/en/us/products/collateral/routers/800-series-routers/data_sheet_c78-613481.html
CISCO888-K9,EOL,2016,Cisco,800,888,Branch,Router,Router,,Advanced Security,20,,,,,,,4,10/100,,,,,,?,,,,,,,,,,,128,128,15,,,,,,,,20,,,,,3G,,,,YES,RF,,http://www.cisco.com/c/en/us/products/collateral/routers/887-integrated-services-router-isr/data_sheet_c78_459542.html
CISCO88X-K9,EOL,2016,Cisco,800,880G,Branch,Router,Router,,,,,,,,,,4,10/100,,,,,,?,,1,,,,,,,,,128,256,15,,,,,15,,,20,,,YES,YES,,,,,,RF,"881, 886, 887, 888",http://www.cisco.com/c/en/us/products/collateral/routers/887-integrated-services-router-isr/data_sheet_c78_459542.html
L-CSR-10M-APP=,OK,2016,Cisco,1000V,AppX,Virtual,,,XE 3.16,,,,,,,,,,,,,,,,,,,,,,,,,,,,,10,5000,,,,,,,,,YES,,YES,,,,,,"$1,909",,http://www.cisco.com/c/en/us/products/collateral/routers/cloud-services-router-1000v-series/datasheet-c78-733443.html
L-CSR-10M-SEC=,OK,2016,Cisco,1000V,Security,Virtual,,,XE 3.16,,,,,,,,,,,,,,,,,,,,,,,,,,,,,10,5000,,,,,,,,,YES,,YES,,,,,,"$2,151",,http://www.cisco.com/c/en/us/products/collateral/routers/cloud-services-router-1000v-series/datasheet-c78-733443.html
CISCO7604,EOL,2015,Cisco,7600,7604,Datacentre,Router,Router,,,,,,,,,,,10/100/1000/10GB,,,4,,,?,,,,,,,,,,,,,320000,,,,,,,,,,YES,YES,,,,YES,,,,,http://www.cisco.com/c/en/us/products/collateral/routers/7604-router/product_data_sheet0900aecd8027cc3e.html
CISCO7606,EOL,2016,Cisco,7600,7606,Datacentre,Router,Router,,,,,,,,,,2,10/100/1000/10GB,4,,6,,,?,,,,,,,,,,,,,480000,,,,,,,,,,YES,YES,,,,YES,,,,,http://www.cisco.com/c/en/us/products/collateral/routers/7606-router/product_data_sheet09186a0080088773.html
CISCO7606-S,EOL,2016,Cisco,7600,7606-S,Datacentre,Router,Router,,,,,,,,,,2,10/100/1000/10GB,4,,6,,,?,,,,,,,,,,,,,480000,,,,,,,,,,YES,YES,,,,YES,,,,,http://www.cisco.com/c/en/us/products/collateral/routers/7606-router/product_data_sheet0900aecd8057f3c8.html
CISCO7609,EOL,2016,Cisco,7600,7609,Datacentre,Router,Router,,,,,,,,,,,10/100/1000/10GB,,,9,,,?,,,,,,,,,,,,,720000,,,,,,,,,,,,,,,YES,,,,,http://www.cisco.com/c/en/us/products/collateral/routers/7609-router/product_data_sheet09186a0080169ead.html
CISCO7609-S,EOL,2016,Cisco,7600,7609-S,Datacentre,Router,Router,,,,,,,,,,,10/100/1000/10GB,,,9,,,?,,,,,,,,,,,,,720000,,,,,,,,,,YES,YES,,,,YES,,,,,http://www.cisco.com/c/en/us/products/collateral/routers/7609-router/product_data_sheet0900aecd8057f3d2.html
CISCO7603,OK,2016,Cisco,7600,7603,Datacentre,Router,Router,12.1 (8a),,,,4,,,,,2,10/100/1000,1,,3,,,,,,,,,,,15,,,,,32000,32000,,,,,,,,,,,,,,YES,,,"$2,500",,http://www.cisco.com/c/en/us/products/collateral/routers/7603-router/product_data_sheet09186a0080088771.html
CISCO7204VXR,EOL,2012,Cisco,7200,7204VXR,Datacentre,Router,Router,,,,,,,,,,,,,,4,,,,,,,,,,,2,,,,,1800,,,,,,,,,,,,,,,,,,RF,,http://www.cisco.com/c/en/us/products/routers/7204vxr-router/index.html
CISCO7206VXR,EOL,2012,Cisco,7200,7206VXR,Datacentre,Router,Router,,,,,,,,,,,,,,6,,,,,,,,,,,,,,,,1800,,,,,,,,,,,,,,,,,,RF,,http://www.cisco.com/c/en/us/products/routers/7206vxr-router/index.html
CISCO7201,EOL,2012,Cisco,7200,7201,Datacentre,Router,Router,,,,,,,,,,4,10/100/1000,4,10/100/1000,1,2,,,,1,,,,,,2,1000,2000,64,256,1800,,,,,,,,,,YES,,YES,,,,,,RF,,http://www.cisco.com/c/en/us/products/collateral/routers/7201-router/product_data_sheet0900aecd80630b58.html
CISCO7603-S,OK,2016,Cisco,7600,7603-S,Datacentre,Router,Router,12.2(33)SRB1,,,,4,,,,,2,10/100/1000,1,,3,,,,,,,,,,,96,,,,,240000,240000,,,,,,,,,YES,YES,,,,,,,"$2,500",,http://www.cisco.com/c/en/us/products/collateral/routers/7603-router/product_data_sheet0900aecd805f7ba3.html
L-CSR-10M-AX=,OK,2016,Cisco,1000V,AX,Virtual,,,XE 3.16,,,,,,,,,,,,,,,,,,,,,,,,,,,,,10,5000,,,,,,,,,YES,,YES,,,,,,"$2,933",,http://www.cisco.com/c/en/us/products/collateral/routers/cloud-services-router-1000v-series/datasheet-c78-733443.html
A900-RSP2A-64,OK,2016,Cisco,903,RSP2A-64,Service Provider,Edge,ASR,3.12.0S,,,,,,,,,24,10/100/1000,6,10/100/1000/10GB,,,,,,,,,,,,,4000,,2000,,,64000,,,,,,,,,,,YES,,,,,,"$8,372",,http://www.cisco.com/c/en/us/products/collateral/routers/asr-903-series-aggregation-services-routers/data_sheet_c78-715296.html
ISR4431/K9 (PERF),OK,2016,Cisco,4000,4431,Branch,ISR,ISR,,,,,1,250,,,,,10/100/1000,3,,4,2,2,1,,2,,,,,,,8000,32000,4000,16000,500,500,1200,350,,3000,,,,720,YES,YES,YES,,,YES,,,"$11,876",CE,http://www.cisco.com/c/en/us/products/collateral/routers/4000-series-integrated-services-routers-isr/datasheet-c78-732542.html
A900-RSP2A-128,OK,2016,Cisco,903,RSP2A-128,Service Provider,Edge,ASR,3.12.0S,,,,,,,,,48,10/100/1000,12,10/100/1000/10GB,,,,,,,,,,,,,4000,,2000,,,64000,,,,,,,,,,,YES,,,,,,"$12,557",,http://www.cisco.com/c/en/us/products/collateral/routers/asr-903-series-aggregation-services-routers/data_sheet_c78-715296.html
A903-RSP1A-55,OK,2016,Cisco,903,RSP1A-55,Service Provider,Edge,ASR,3.5.0S,,,,,,,,,47,10/100/1000,4,10/100/1000/10GB,,,,,,,,,,,,,2000,,2000,,,55000,,,,,,,,,,,YES,,,,,,"$13,757",,http://www.cisco.com/c/en/us/products/collateral/routers/asr-903-series-aggregation-services-routers/data_sheet_c78-715296.html
CISCO3945E/K9   ,OK,2016,Cisco,3900,3945E,Branch,ISR,ISR,15.0(1)M,,,,3,,,,,4,10/100/1000,3,10/100/1000,3,2,2,4,,,,,,3,,,1000,2000,256,4000,150,500,1500,450,,2500,,,,,YES,YES,,,,YES,,WLC,"$19,500",CE,http://www.cisco.com/c/en/us/products/routers/3945e-integrated-services-router-isr/index.html
ISR4451-X/K9,OK,2016,Cisco,4000,4451,Branch,ISR,ISR,,IP Base,,,2,500,,,,,10/100/1000,3,,4,2,2,1,,2,,,,,,,8000,32000,4000,16000,1000,1000,2000,450,,6000,,,,1200,YES,YES,YES,,,YES,,,"$19,561",CE,http://www.cisco.com/c/en/us/products/collateral/routers/4000-series-integrated-services-routers-isr/datasheet-c78-732542.html
ASR1001-X,OK,2016,Cisco,1000,1001-X,Datacentre,ASR,ASR,XE 3.12.0,IP Base,,,1,,,,,,,6,,2,,6,,,,,,,,,,,8000,,1000,1000,1000,,,,,,,8000,,YES,,YES,,,YES,,,"$23,137",CE,http://www.cisco.com/c/en/us/products/collateral/routers/asr-1000-series-aggregation-services-routers/datasheet-c78-731632.html
NCS-5508,OK,2016,Cisco,5500,5508,WAN Aggregation,Network Convergence,,XR 6.0,,,8,13,,,,,,,,,,,,,,,,,,,,,,,,,,28000000,,,,,,,,,,,,,,YES,,,"$25,573",,http://www.cisco.com/c/en/us/products/collateral/routers/network-convergence-system-5500-series/datasheet-c78-736270.html?cachemode=refresh
A903-RSP1B-55,OK,2016,Cisco,903,RSP1B-55,Service Provider,Edge,ASR,3.5.0S,,,,,,,,,47,10/100/1000,4,10/100/1000/10GB,,,,,,,,,,,,,4000,,2000,,,55000,,,,,,,,,,,YES,,,,,,"$27,515",,http://www.cisco.com/c/en/us/products/collateral/routers/asr-903-series-aggregation-services-routers/data_sheet_c78-715296.html
A900-RSP3C-400-S,OK,2016,Cisco,903,RSP3C-400,Service Provider,Edge,ASR,3.16.1S,,,,,,,,,48,10/100/1000,48,10/100/1000/10GB,,,,,,,,,,,,,8000,,8000,,,480000,,,,,,,,,,,YES,,,,,,"$32,000",Non Wide,http://www.cisco.com/c/en/us/products/collateral/routers/asr-903-series-aggregation-services-routers/data_sheet_c78-715296.html
A900-RSP3C-400-W,OK,2016,Cisco,903,RSP3C-400,Service Provider,Edge,ASR,3.16.1S,,,,,,,,,48,10/100/1000,48,10/100/1000/10GB,,,,,,,,,,,,,8000,,8000,,,480000,,,,,,,,,,,YES,,,,,,"$32,000",Wide,http://www.cisco.com/c/en/us/products/collateral/routers/asr-903-series-aggregation-services-routers/data_sheet_c78-715296.html
WS-C6503-E,OK,2016,Catalyst,6500-E,6503-E,Datacentre,Switch,Switch,,,,,4,,,,,,,,,3,,,,,,,,,,,,,,,,240000,240000,,,,,,,,,,,,,,,,,"$34,126",,http://www.cisco.com/c/en/us/products/collateral/switches/catalyst-6500-series-switches/data_sheet_c78-708665.html
WS-C6504-E,OK,2016,Catalyst,6500-E,6504-E,Datacentre,Switch,Switch,,,,,5,,,,,,,,,4,,,,,,,,,,,,,,,,320000,320000,,,,,,,,,,,,,,,,,"$36,136",,http://www.cisco.com/c/en/us/products/collateral/switches/catalyst-6500-series-switches/data_sheet_c78-708665.html
WS-C6506-E,OK,2016,Catalyst,6500-E,6506-E,Datacentre,Switch,Switch,,,,,11,,,,,,,,,6,,,,,,,,,,,,,,,,480000,480000,,,,,,,,,,,,,,,,,"$41,639",,http://www.cisco.com/c/en/us/products/collateral/switches/catalyst-6500-series-switches/data_sheet_c78-708665.html
WS-C6509-E,OK,2016,Catalyst,6500-E,6509-E,Datacentre,Switch,Switch,,,,,14,,,,,,,,,9,,,,,,,,,,,,,,,,720000,720000,,,,,,,,,,,,,,,,,"$46,744",,http://www.cisco.com/c/en/us/products/collateral/switches/catalyst-6500-series-switches/data_sheet_c78-708665.html
WS-C6509-V-E,OK,2016,Catalyst,6500-E,6509-V-E,Datacentre,Switch,Switch,,,,,21,,,,,,,,,9,,,,,,,,,,,,,,,,720000,720000,,,,,,,,,,,,,,,,,"$48,744",,http://www.cisco.com/c/en/us/products/collateral/switches/catalyst-6500-series-switches/data_sheet_c78-708665.html
WS-C6513-E,OK,2016,Catalyst,6500-E,6513-E,Datacentre,Switch,Switch,,,,,19,,,,,,,,,13,,,,,,,,,,,,,,,,1040000,1040000,,,,,,,,,,,,,,,,,"$56,730",,http://www.cisco.com/c/en/us/products/collateral/switches/catalyst-6500-series-switches/data_sheet_c78-708665.html
N77-C7718,OK,2016,Nexus,7700,18-Slot,Datacentre,Switch,Switch,,,,18,,,,,,,,,10/100/1000/10GB,768,,,,,,,,,,,,,,,,,83000000,,,,,,,,,,,,,,,,,"$190,805",,http://www.cisco.com/c/en/us/products/switches/nexus-7700-18-slot-switch/index.html
N77-C7710,OK,2016,Nexus,7700,10-Slot,Datacentre,Switch,Switch,,,,10,14,,,,,,,,10/100/1000/10GB,384,,,,,,,,,,,,,,,,,42000000,,,,,,,,,,,,,,,,,"$139,771",,http://www.cisco.com/c/en/us/products/switches/nexus-7700-10-slot-switch/index.html
N77-C7706,OK,2016,Nexus,7700,6-Slot,Datacentre,Switch,Switch,,,,6,9,,,,,,,,10/40/100GB,192,,,,,,,,,,,,,,,,,21000000,,,,,,,,,,,,,,,,,"$102,328",,http://www.cisco.com/c/en/us/products/switches/nexus-7700-6-slot-switch/index.html
N77-C7702,OK,2016,Nexus,7700,2-Slot,Datacentre,Switch,Switch,,,,2,3,,,,,,,,10/40/100GB,48,,,,,,,,,,,,,,,,,,,,,,,,,,,,,,,,,,"$54,525",,http://www.cisco.com/c/en/us/products/switches/nexus-7700-2-slot-switch/index.html
N7K-C7018,OK,2016,Nexus,7000,18-Slot,Datacentre,Switch,Switch,,,,18,25,,,,,,,,10/40/100GB,768,,,,,,,,,,,11500,,,,,,550000,,,,,,,,,,,,,,,,,"$134,479",,http://www.cisco.com/c/en/us/products/switches/nexus-7000-18-slot-switch/index.html
N7K-C7010,OK,2016,Nexus,7000,10-Slot,Datacentre,Switch,Switch,,,,10,,,,,,,,,10/40/100GB,384,,,,,,,,,,,5760,,,,,,550000,,,,,,,,,,,,,,,,,"$101,909",,http://www.cisco.com/c/en/us/products/switches/nexus-7000-10-slot-switch/index.html
N7K-C7009,OK,2016,Nexus,7000,9-Slot,Datacentre,Switch,Switch,,,,9,14,,,,,,,,10/40/100GB,336,,,,,,,,,,,5040,,,,,,550000,,,,,,,,,,,,,,,,,"$94,541",,http://www.cisco.com/c/en/us/products/switches/nexus-7000-9-slot-switch/index.html
N7K-C7004,OK,2016,Nexus,7000,4-Slot,Datacentre,Switch,Switch,,,,4,7,,,,,,,,10/40/100GB,96,,,,,,,,,,,1440,,,,,,440000,,,,,,,,,,,,,,,,,"$46,930",,http://www.cisco.com/c/en/us/products/switches/nexus-7000-4-slot-switch/index.html
CGR-2010/K9,OK,2016,Cisco,2000,2010,Industrial,CGR,CGR,15.1(1)T,IP Base,,4,,,,,,,,2,10/100/1000,4,2,2,,,2,,,,,,,1000,,256,8000,,,,,,,,,,2,YES,,YES,,,YES,,,"$5,689",,http://www.cisco.com/c/en/us/products/collateral/routers/2000-series-connected-grid-routers/data_sheet_c78_593509.html
CGS-2520-24TC,OK,2016,Cisco,2500,2520,Industrial,CGS,CGS,,LAN Base,,,1,,,,,,,2,10/100/1000,24,,2,,,2,,,,,,6.55,256,,128,1000,,,,,,,,,,,YES,,YES,,,YES,,,"$5,972",,http://www.cisco.com/c/en/us/products/collateral/switches/2500-series-connected-grid-switches/data_sheet_c78_593672.html
CGS-2520-16S-8PC,OK,2016,Cisco,2500,2520,Industrial,CGS,CGS,,LAN Base,,,1,,,,,,,2,10/100/1000,16,,16,,,,,,,,,,256,,128,1000,,,,,,,,,,,YES,,YES,,,YES,,,"$5,758",,http://www.cisco.com/c/en/us/products/collateral/switches/2500-series-connected-grid-switches/data_sheet_c78_593672.html
CGR1240/K9,OK,2016,Cisco,1000,1240,Industrial,CGR,CGR,,,,,,,,,,4,10/100,2,10/100/1000,2,,,,,2,,,,,,,,,,2000,,,,,,,,,,,,,,4G,,YES,,YES,"$5,933",,http://www.cisco.com/c/en/us/products/collateral/routers/1000-series-connected-grid-routers/datasheet_c78-696278.html?cachemode=refresh
CGR1120/K9,OK,2016,Cisco,1000,1120,Industrial,CGR,CGR,,,,,2,,,,,6,10/100,2,10/100/1000,2,,,,,1,,,,,,,,,,2000,,,,,,,,,,,,,,4G,,,,YES,"$3,898",,http://www.cisco.com/c/en/us/products/collateral/routers/1000-series-connected-grid-routers/datasheet_c78-696278.html?cachemode=refresh
IR910-K9,OK,2016,Cisco,900,910,Industrial,Router,Router,,,,,,,,,,1,,1,,,2,,,,1,,,,,,,,,2000,,,,,,,,,,,,,,,,,,,,?,,http://www.cisco.com/c/en/us/products/routers/900-series-industrial-routers/index.html
IR910W-K9,OK,2016,Cisco,900,910W,Industrial,Router,Wireless Router,,,,,,,,,,1,,1,,,2,,,,1,,,,,,,,,2000,,,,,,,,,,,,,,,,,,,YES,"$1,857",Wireless Router,http://www.cisco.com/c/en/us/products/routers/900-series-industrial-routers/index.html
IR910G-K9,OK,2016,Cisco,900,910G,Industrial,Router,Router,,,,,,,,,,1,,1,,,2,,,,1,,,,,,,,,2000,,,,,,,,,,,,,,,,,,,,"$2,286",,http://www.cisco.com/c/en/us/products/routers/900-series-industrial-routers/index.html
IR910G-NA-K9,OK,2016,Cisco,900,910G-NA,Industrial,Router,Router,,,,,,,,,,1,,1,,,2,,,,1,,,,,,,,,2000,,,,,,,,,,,,,,,,,,,,?,,http://www.cisco.com/c/en/us/products/routers/900-series-industrial-routers/index.html
CISCO3925/K9   ,OK,2016,Cisco,3900,3925,Branch,ISR,ISR,15.0(1)M,,,,3,,,,,3,10/100/1000,4,10/100/1000,4,4,2,4,,,,,,4,,,1000,2000,256,4000,100,100,730,250,,800,,,,,YES,YES,,,,YES,,WLC,"$9,500",,http://www.cisco.com/c/en/us/products/routers/3925-integrated-services-router-isr/index.html
ISR4431/K9,OK,2016,Cisco,4000,4431,Branch,ISR,ISR,,,,,1,250,,,,,10/100/1000,3,,4,2,2,1,,2,,,,,,,8000,32000,4000,16000,250,250,1200,350,,3000,,,,720,YES,YES,YES,,,YES,,,"$11,876",CE,http://www.cisco.com/c/en/us/products/collateral/routers/4000-series-integrated-services-routers-isr/datasheet-c78-732542.html
IR509UWP-915/K9,OK,2016,Cisco,500,500,Industrial,WPAN,Wireless Router,,,,,,,,,,,,,,,,,,,,,,,,,,,,,,,,,,,,,,,,,,YES,,,,,YES,$955,Wireless Router,http://www.cisco.com/c/en/us/products/collateral/routers/500-series-wpan-industrial-routers/datasheet-c78-730550.pdf
CISCO5940RA-K9,OK,2016,Cisco,5900,5940,Mobile Internet,Embedded Services,Embedded Services,,Advanced Enterprise Services,,,3,,,,,,,,10/100/1000,4,,,,,,,,,,972,,1000,100,256,256,,,,150,,,,,,,YES,YES,YES,,,,,YES,"$19,995",,http://www.cisco.com/c/en/us/products/collateral/routers/5900-series-embedded-services-routers/datasheet_c78_630483.html
CISCO5921RA-K9,OK,2016,Cisco,5900,5921,Mobile Internet,Embedded Services,Embedded Services,Glibc-compiled Linux,,,,,,,,,,,,,,,,,,,,,,,,,512,,300,,,,,25,,,,,,,,YES,YES,,,,,YES,?,,http://www.cisco.com/c/en/us/products/collateral/routers/5921-embedded-services-router/data_sheet_c78-729702.html
CISCO5915RA-K9,OK,2016,Cisco,5900,5915,Mobile Internet,Embedded Services,Embedded Services,,,,,,,,,,3,,2,,,,,,,,,,,,170,,,,,,,,,,,,,,,,,,,,,,,,"$4,175",,http://www.cisco.com/c/en/us/products/routers/5915-embedded-service-router/index.html
MWR-2941-DC-A,EOL,2014,Cisco,2900,2941,Mobile Internet,MWR,Router,,,,,1,,,,,4,,2,10/100/1000,6,4,2,,,,,,,,,,512,512,128,128,,,,,,,,,,16,,,YES,3G,,,,,?,,http://www.cisco.com/c/en/us/products/collateral/routers/mwr-2900-series-mobile-wireless-routers/data_sheet_c78-419853.html
MWR-1941-DC,EOL,2011,Cisco,1940,1941,Mobile Internet,MWR,Router,,,,,,,,,,1,10/100,3,,,,,,,,,,,,,,,,,,,,,,,,,,,,,YES,,4G,,,,,RF,Wireless Router,http://www.cisco.com/c/en/us/products/routers/mwr-1941-dc-a-mobile-wireless-edge-router/index.html
ASR1002-X,OK,2016,Cisco,1000,1002-X,Datacentre,ASR,ASR,XE 3.7.0S,IP Base,,,2,,,,,,,6,,3,,6,,,,,,,,,,,4000,,4000,1000,1000,,,,,,,8000,,YES,,YES,,,YES,,,"$40,026",CE,http://www.cisco.com/c/en/us/products/collateral/routers/asr-1000-series-aggregation-services-routers/datasheet-c78-731632.html
12816/1280-AC3,OK,2016,Cisco,12000,12816,Service Provider,Edge,Edge,Cisco XR,,,16,1,,,,,,,,,16,,,,,,,,,,,,,,,,1280000,,,,,,,,,,,,YES,,,,,,?,,http://www.cisco.com/c/en/us/products/routers/12816-router/index.html
NCS-5011,OK,2016,Cisco,5500,5011,WAN Aggregation,Network Convergence,,XR 6.0,,,,1,,,,,,,,10/100/1000/10GB/40GB,320,,,,,,,,,,,,,,,,,960000,,,,,,,,,,,,,,YES,,,"$68,521",,http://www.cisco.com/c/en/us/products/collateral/routers/network-convergence-system-5000-series/datasheet-c78-736546.html?cachemode=refresh
ASR-9904,OK,2016,Cisco,9000,9904,Service Provider,Edge,ASR,XR 5.1.0,,,,6,,,,,,,,10/100/1000/10GB/100GB,2,,,,,,,,,,,,,,,,770000,2000000,,,,,,,,,,,,,,YES,,,"$70,275",,http://www.cisco.com/c/en/us/products/collateral/routers/asr-9000-series-aggregation-services-routers/data_sheet_c78-501767.html
ASR1004,OK,2016,Cisco,1000,1004,Datacentre,ASR,ASR,XE 2.1,,,,,,,,,2,,,,8,,,,,,,,,,,,4000,8000,,1000,10000,40000,,,,,,,8000,,YES,,YES,,,YES,,,"$72,559",,http://www.cisco.com/c/en/us/products/collateral/routers/asr-1000-series-aggregation-services-routers/datasheet-c78-731632.html
XR-12406/120-AC,OK,2016,Cisco,12000,12406,Service Provider,Edge,Edge,Cisco XR,,,6,4,,,,,,,,,6,,,,,,,,,,,,,,,,120000,,,,,,,,,,,,YES,,,,,,?,,http://www.cisco.com/c/en/us/products/routers/12406-router/index.html
XR-12404/80-AC,OK,2016,Cisco,12000,12404,Service Provider,Edge,Edge,Cisco XR,,,4,8,,,,,,,,,4,,,,,,,,,,,,,,,,80000,,,,,,,,,,,,YES,,,,,,?,,http://www.cisco.com/c/en/us/products/routers/12404-router/index.html
ASR1006,OK,2016,Cisco,1000,1006,Datacentre,ASR,ASR,,,,,,,,,,3,,,,12,,,,,,,,,,,,4000,8000,,1000,10000,100000,,,,,,,8000,,,,YES,,,YES,,,"$84,170",,http://www.cisco.com/c/en/us/products/collateral/routers/asr-1000-series-aggregation-services-routers/datasheet-c78-731632.html
12010-AC,OK,2016,Cisco,12000,12010,Service Provider,Edge,Edge,Cisco XR,,,10,2,,,,,,,,,10,,,,,,,,,,,,,,,,50000,,,,,,,,,,,,YES,,,,,,?,,http://www.cisco.com/c/en/us/products/routers/12010-router/index.html
12006-AC,OK,2016,Cisco,12000,12006,Service Provider,Edge,Edge,Cisco XR,,,6,4,,,,,,,,,6,,,,,,,,,,,,,,,,30000,,,,,,,,,,,,YES,,,,,,?,,http://www.cisco.com/c/en/us/products/routers/12006-router/index.html
CISCO7603=,EOL,2006,Cisco,7600,7603,Service Provider,Edge,,,,,,4,,,,,2,10/100/1000,2,10/100/1000,4,,,,,,,,,,,15,,,,,240000,,,,,,,,,,,YES,,,,,,YES,?,,http://www.cisco.com/c/en/us/products/collateral/routers/7603-router/product_data_sheet09186a0080088771.html
CISCO7603-S=,EOL,2006,Cisco,7600,7603-S,Service Provider,Edge,,12.2(33)SRB1,,,,4,,,,,2,10/100/1000/10GB,2,10/100/1000/10GB,3,,,,,,,,,,,96,,,,,240000,,,,,,,,,,,YES,,,,,,YES,"$2,500",,http://www.cisco.com/c/en/us/products/collateral/routers/7603-router/product_data_sheet0900aecd805f7ba3.html
CISCO7604=,EOL,2015,Cisco,7600,7604,Service Provider,Edge,,12.2.18SXE,,,,5,,,,,,10/100/1000/10GB,,10/100/1000/10GB,4,,,,,,,,,,,144,,,,,320000,,,,,,,,,,YES,YES,,,,,,YES,RF,,http://www.cisco.com/c/en/us/products/collateral/routers/7604-router/product_data_sheet0900aecd8027cc3e.html
CISCO7606=,EOL,2009,Cisco,7600,7606,Service Provider,Edge,,12.1(10)E,,,,7,,,,,,10/100/1000/10GB,,10/100/1000/10GB,4,,,,,,,,,,,30,,,,,480000,,,,,,,,,,,YES,,,,,,YES,?,,http://www.cisco.com/c/en/us/products/collateral/routers/7606-router/product_data_sheet09186a0080088773.html
CISCO7606-S=,EOL,2009,Cisco,7600,7606-S,Service Provider,Edge,,12.2(33)SRB1,,,,7,,,,,,10/100/1000,,10/100/1000,4,,,,,,,,,,,30,,,,,480000,,,,,,,,,,,YES,,,,,,YES,"$9,445",,http://www.cisco.com/c/en/us/products/collateral/routers/7606-router/product_data_sheet0900aecd8057f3c8.html
CISCO7609=,EOL,2009,Cisco,7600,7609,Service Provider,Edge,,12.1(13)E1,,,,21,,,,,,10/100/1000/10GB,,10/100/1000/10GB,4,,,,,,,,,,,400,,,,,720000,,,,,,,,,,YES,YES,,,,,,YES,?,,http://www.cisco.com/c/en/us/products/collateral/routers/7609-router/product_data_sheet09186a0080169ead.html
CISCO7609-S=,EOL,2009,Cisco,7600,7609-S,Service Provider,Edge,,12.2(18)SXE,,,,21,,,,,,10/100/1000/10GB,,10/100/1000/10GB,4,,,,,,,,,,,400,,,,,720000,,,,,,,,,,YES,YES,,,,,,YES,"$10,500",,http://www.cisco.com/c/en/us/products/collateral/routers/7609-router/product_data_sheet0900aecd8057f3d2.html
CISCO7613=,EOL,2014,Cisco,7600,7613,Service Provider,Edge,,12.1(13)E,,,,18,,,,,,10/100/1000/10GB,,10/100/1000/10GB,4,,,,,,,,,,,400,,,,,720000,,,,,,,,,,YES,YES,,,,,,YES,RF,,http://www.cisco.com/c/en/us/products/collateral/routers/7613-router/product_data_sheet09186a008015cfeb.html
CISCO7507,EOL,2015,Cisco,7500,7507,Service Provider,Edge,,,,,,,,,,,,,,,7,,,,,,,,,,,,,,,,2134,,,,,,,,,,,,,,,,,,?,,http://www.cisco.com/c/en/us/products/collateral/routers/7500-series-routers/product_data_sheet0900aecd800f5542.html
CISCO7513,EOL,2015,Cisco,7500,7513,Service Provider,Edge,,,,,,,,,,,,,,,13,,,,,,,,,,,,,,,,2134,,,,,,,,,,,,,,,,,,?,,http://www.cisco.com/c/en/us/products/routers/7513-router/index.html
CISCO7576,EOL,2015,Cisco,7500,7576,Service Provider,Edge,,,,,,,,,,,,,,,,,,,,,,,,,,,,,,,,,,,,,,,,,,,,,,,,,?,,http://www.cisco.com/c/en/us/products/routers/7576-router/index.html
CISCO7507MX,EOL,2015,Cisco,7500,7507-MX,Service Provider,Edge,,,,,,,,,,,,,,,,,,,,,,,,,,,,,,,,,,,,,,,,,,,,,,,,,?,,http://www.cisco.com/c/en/us/products/routers/7507-mx-router/index.html
CISCO7505,EOL,2015,Cisco,7500,7505,Service Provider,Edge,,,,,,,,,,,,,,,,,,,,,,,,,,,,,,,,,,,,,,,,,,,,,,,,,?,,http://www.cisco.com/c/en/us/products/routers/7505-router/index.html
CISCO7304,EOL,2016,Cisco,7300,7304,Service Provider,Edge,,,,,,4,,,,,,,,,,,,,,,,,,,,,,,,,,,,,,,,,,,,,,,,,,,,,http://www.cisco.com/c/en/us/products/routers/7304-router/index.html
CISCO7301,EOL,2016,Cisco,7300,7301,Service Provider,Edge,,,,,,1,,,,,,,,,,,,,,,,,,,,,,,,,,,,,,,,,,,,,,,,,,,,,http://www.cisco.com/c/en/us/products/routers/7301-router/index.html
CISCO7204VXR,EOL,2012,Cisco,7200,7204VXR,Service Provider,Edge,,,,,,3,,,,,,,,,4,,,,,,,,,,,2,,,,,1800,,,,,,,,,,,,,,,,,,?,,http://www.cisco.com/c/en/us/products/routers/7204vxr-router/index.html
CISCO7206VXR,EOL,2012,Cisco,7200,7206VXR,Service Provider,Edge,,,,,,3,,,,,,,,,6,,,,,,,,,,,2,,,,,1800,,,,,,,,,,,,,,,,,,?,,http://www.cisco.com/c/en/us/products/routers/7206vxr-router/index.html
CISCO7201,EOL,2012,Cisco,7200,7201,Service Provider,Edge,,,,,,1,,,,,,,4,10/100/1000,,,,,,,,,,,,2,,,,,1800,,,,,,,,,,,,,,,,,,?,,http://www.cisco.com/c/en/us/products/routers/7201-router/index.html
ASR-9922,OK,2016,Cisco,9000,9922,Service Provider,Edge,ASR,XR 3.7.2,,,,44,,,,,,,,,20,,,,,,,,,,,,,,,,96000000,,,,,,,,,,,,YES,,,YES,,,"$376,086",,http://www.cisco.com/c/en/us/products/collateral/routers/asr-9000-series-aggregation-services-routers/data_sheet_c78-501767.html
NCS-5002,OK,2016,Cisco,5500,5002,WAN Aggregation,Network Convergence,,XR 6.0,,,,2,,,,,,,,,,,,,,,,,,,,,,,,,,960000,,,,,,,,,,,,,,YES,,,"$89,335",,
ASR1006-X,OK,2016,Cisco,1000,1006-X,Datacentre,ASR,ASR,XE 3.16.0,,,,,,,,,2,,,,8,,,,,,,,,,,,,8000,,1000,40000,100000,,,,,,,8000,,YES,,YES,,,YES,,,"$94,831",,http://www.cisco.com/c/en/us/products/collateral/routers/asr-1000-series-aggregation-services-routers/datasheet-c78-731632.html
ASR-9010,EOL,2016,Cisco,9000,9010,Service Provider,Edge,ASR,XR 3.7.2,,,8,,,,,,,,,,8,,,,,,,,,,,,,,,,,,,,,,,,,,,,YES,,,YES,,,RF,,http://www.cisco.com/c/en/us/products/collateral/routers/asr-9000-series-aggregation-services-routers/data_sheet_c78-501767.html
ASR-9006-SYS,OK,2016,Cisco,9000,9006,Service Provider,Edge,ASR,XR 3.7.2,,,4,10,,,,,,,,,4,,,,,,,,,,,,,,,,,,,,,,,,,,,,,,,YES,,,"$68,638",,http://www.cisco.com/c/en/us/products/collateral/routers/asr-9000-series-aggregation-services-routers/data_sheet_c78-501767.html
ASR-9001,OK,2016,Cisco,9000,9001,Service Provider,Edge,ASR,XR 3.7.2,,,,2,,,,,,,4,10/100/1000/10GB,2,,4,,,,,,,,,,,,,,120000,,,,,,,,,,,,,,YES,,,,"$80,341",,http://www.cisco.com/c/en/us/products/collateral/routers/asr-9000-series-aggregation-services-routers/data_sheet_c78-501767.html
ASR-920-12CZ-A,OK,2016,Cisco,920,12CZ-A,Service Provider,Edge,ASR,IOS XE 3.18SP,,,,,,,,,20,10/100/1000,2,10/100/1000/10GB,22,,,,,,,,,,,,4000,,2000,,64000,,,,,,,,,,,YES,YES,,,YES,,,"$5,054",,http://www.cisco.com/c/en/us/products/collateral/routers/asr-920-series-aggregation-services-router/datasheet-c78-732103.html
ASR-920-12CZ-D,OK,2016,Cisco,920,12CZ-D,Service Provider,Edge,ASR,IOS XE 3.18SP,,,,,,,,,20,10/100/1000,2,10/100/1000/10GB,22,,,,,,,,,,,,4000,,2000,,64000,,,,,,,,,,,YES,YES,,,YES,,,"$5,054",,http://www.cisco.com/c/en/us/products/collateral/routers/asr-920-series-aggregation-services-router/datasheet-c78-732103.html
ASR-920-4SZ-A,OK,2016,Cisco,920,4SZ-A,Service Provider,Edge,ASR,IOS XE 3.18SP,,,,,,,,,6,10/100/1000,4,10/100/1000/10GB,10,,,,,,,,,,,,4000,,2000,,64000,,,,,,,,,,,YES,YES,,,YES,,,"$5,054",,http://www.cisco.com/c/en/us/products/collateral/routers/asr-920-series-aggregation-services-router/datasheet-c78-732103.html
ASR-920-4SZ-D,OK,2016,Cisco,920,4SZ-D,Service Provider,Edge,ASR,IOS XE 3.18SP,,,,,,,,,6,10/100/1000,4,10/100/1000/10GB,10,,,,,,,,,,,,4000,,2000,,64000,,,,,,,,,,,YES,YES,,,YES,,,"$5,054",,http://www.cisco.com/c/en/us/products/collateral/routers/asr-920-series-aggregation-services-router/datasheet-c78-732103.html
ASR-920-24TZ-M,OK,2016,Cisco,920,24TZ-M,Service Provider,Edge,ASR,IOS XE 3.18SP,,,,,,,,,24,10/100/1000,4,10/100/1000/10GB,28,,,,,,,,,,,,4000,,2000,,64000,,,,,,,,,,,YES,YES,,,YES,,,"$7,321",,http://www.cisco.com/c/en/us/products/collateral/routers/asr-920-series-aggregation-services-router/datasheet-c78-732103.html
ASR-920-24SZ-M,OK,2016,Cisco,920,24SZ-M,Service Provider,Edge,ASR,IOS XE 3.18SP,,,,,,,,,24,10/100/1000,4,10/100/1000/10GB,28,,,,,,,,,,,,4000,,2000,,64000,,,,,,,,,,,YES,YES,,,YES,,,"$8,389",,http://www.cisco.com/c/en/us/products/collateral/routers/asr-920-series-aggregation-services-router/datasheet-c78-732103.html
ASR-920-24SZ-IM,OK,2016,Cisco,920,24SZ-IM,Service Provider,Edge,ASR,IOS XE 3.18SP,,,,,,,,,12,10/100/1000,4,10/100/1000/10GB,16,,,,,,,,,,,,4000,,2000,,64000,,,,,,,,,,,YES,YES,,,YES,,,"$9,656",,http://www.cisco.com/c/en/us/products/collateral/routers/asr-920-series-aggregation-services-router/datasheet-c78-732103.html
ASR-920-12SZ-IM,OK,2016,Cisco,920,12SZ-IM,Service Provider,Edge,ASR,IOS XE 3.18SP,,,,,,,,,12,10/100/1000,4,10/100/1000/10GB,16,,,,,,,,,,,,4000,,2000,,64000,,,,,,,,,,,YES,YES,,,YES,,,"$10,056",,http://www.cisco.com/c/en/us/products/collateral/routers/asr-920-series-aggregation-services-router/datasheet-c78-732103.html
A901-12C-FT-D,OK,2016,Cisco,901,12C-FT-D,Service Provider,Edge,ASR,,,,,1,,,,,,,4,10/100/1000,12,4,4,,,,,,,,,,,,,,,,,,,,,,,16,,,YES,4G,,YES,,,"$7,471",,http://www.cisco.com/c/en/us/products/routers/asr-901-series-aggregation-services-routers/models-comparison.html
A901-12C-F-D,OK,2016,Cisco,901,12C-F-D,Service Provider,Edge,ASR,,,,,1,,,,,,,4,10/100/1000,12,4,4,,,,,,,,,,,,,,,,,,,,,,,16,,,YES,4G,,YES,,,"$6,404",,http://www.cisco.com/c/en/us/products/routers/asr-901-series-aggregation-services-routers/models-comparison.html
A901-6CZ-FT-D,OK,2016,Cisco,901,6CZ-FT-D,Service Provider,Edge,ASR,,,,,1,,,,,,,4,10/100/1000,12,4,4,,,,,,,,,,,,,,,,,,,,,,,16,,,YES,4G,,YES,,,"$6,404",,http://www.cisco.com/c/en/us/products/routers/asr-901-series-aggregation-services-routers/models-comparison.html
A901-6CZ-F-D,OK,2016,Cisco,901,6CZ-F-D,Service Provider,Edge,ASR,,,,,1,,,,,,,4,10/100/1000,12,4,4,,,,,,,,,,,,,,,,,,,,,,,16,,,YES,4G,,YES,,,"$5,336",,http://www.cisco.com/c/en/us/products/routers/asr-901-series-aggregation-services-routers/models-comparison.html
A901-6CZ-FT-A,OK,2016,Cisco,901,6CZ-FT-A,Service Provider,Edge,ASR,,,,,1,,,,,,,4,10/100/1000,12,4,4,,,,,,,,,,,,,,,,,,,,,,,16,,,YES,4G,,YES,,,"$6,404",,http://www.cisco.com/c/en/us/products/routers/asr-901-series-aggregation-services-routers/models-comparison.html
A901-6CZ-F-A,OK,2016,Cisco,901,6CZ-F-A,Service Provider,Edge,ASR,,,,,1,,,,,,,4,10/100/1000,12,4,4,,,,,,,,,,,,,,,,,,,,,,,16,,,YES,4G,,YES,?,,"$5,336",,http://www.cisco.com/c/en/us/products/routers/asr-901-series-aggregation-services-routers/models-comparison.html
A901S-4SG-F-D,OK,2016,Cisco,901S,4SG-F-D,Service Provider,Edge,ASR,,,,,,YES,,,,2,10/100/1000,3,10/100/1000,4,2,4,,,,,,,,,,512,,128,,,,,,,,,,,,YES,,YES,4G,,,YES,YES,"$6,353",,http://www.cisco.com/c/en/us/products/collateral/routers/asr-901s-series-aggregation-services-routers/data_sheet_c78-726628.html
A901S-3SG-F-D,OK,2016,Cisco,901S,3SG-F-D,Service Provider,Edge,ASR,,,,,,YES,,,,2,10/100/1000,3,10/100/1000,4,2,3,,,,,,,,,,512,,128,,,,,,,,,,,,YES,,YES,4G,,,YES,YES,"$6,353",,http://www.cisco.com/c/en/us/products/collateral/routers/asr-901s-series-aggregation-services-routers/data_sheet_c78-726628.html
A901S-2SG-F-D,OK,2016,Cisco,901S,2SG-F-D,Service Provider,Edge,ASR,,,,,,YES,,,,2,10/100/1000,3,10/100/1000,4,2,2,,,,,,,,,,512,,128,,,,,,,,,,,,YES,,YES,4G,,,YES,YES,"$6,353",,http://www.cisco.com/c/en/us/products/collateral/routers/asr-901s-series-aggregation-services-routers/data_sheet_c78-726628.html
A901S-3SG-F-AH,OK,2016,Cisco,901S,3SG-F-AH,Service Provider,Edge,ASR,,,,,,YES,,,,2,10/100/1000,3,10/100/1000,3,2,3,,,,,,,,,,512,,128,,,,,,,,,,,,YES,,YES,4G,,,YES,YES,"$7,923",,http://www.cisco.com/c/en/us/products/collateral/routers/asr-901s-series-aggregation-services-routers/data_sheet_c78-726628.html
A901S-2SG-F-AH,OK,2016,Cisco,901S,2SG-F-AH,Service Provider,Edge,ASR,,,,,,YES,,,,2,10/100/1000,3,10/100/1000,3,2,2,,,,,,,,,,512,,128,,,,,,,,,,,,YES,,YES,4G,,,YES,YES,"$7,923",,http://www.cisco.com/c/en/us/products/collateral/routers/asr-901s-series-aggregation-services-routers/data_sheet_c78-726628.html
ASR1009-X,OK,2016,Cisco,1000,1009-X,Datacentre,ASR,ASR,XE 3.16.0,,,,,,,,,3,,,,12,,,,,,,,,,,,,8000,,1000,40000,200000,,,,,,,8000,,,,YES,,,YES,,,"$96,943",,http://www.cisco.com/c/en/us/products/collateral/routers/asr-1000-series-aggregation-services-routers/datasheet-c78-731632.html
ASR1013,OK,2016,Cisco,1000,1013,Datacentre,ASR,ASR,,,,,,,,,,6,,,,24,,,,,,,,,,,63,,8000,,1000,40000,200000,,,,,,,8000,,YES,YES,YES,,,YES,,,"$96,943",,http://www.cisco.com/c/en/us/products/collateral/routers/asr-1000-series-aggregation-services-routers/datasheet-c78-731632.html
ASR1002-HX,OK,2016,Cisco,1000,1002-HX,Datacentre,ASR,ASR,XE 16.2.0S,,,,2,,,,,,,8,,,,8,,,,,,,,,,,16000,,4000,1000,1000,,,,,,,8000,,,,YES,,,YES,,,"$115,256",CE,http://www.cisco.com/c/en/us/products/collateral/routers/asr-1000-series-aggregation-services-routers/datasheet-c78-731632.html
CRS-8/S-B,OK,2016,Cisco,CRS,8-Slot,Datacentre,CRS,CRS,Cisco XR,,,8,,,,,,40,10/100/1000/10GB,,,8,,,,,,,,,,,,,,,,6400000,6400000,,,,,,,,,,,YES,,,,,,"$165,986",,http://www.cisco.com/c/en/us/products/collateral/routers/carrier-routing-system/CRS-3_8-Slot_DS.html
ASR-9912,OK,2016,Cisco,9000,9912,Service Provider,Edge,ASR,XR 4.3.2,,,,30,,,,,,,,,10,,,,,,,,,,,,,,,,770000,2000000,,,,,,,,,,,,,,YES,,,"$257,927",,http://www.cisco.com/c/en/us/products/collateral/routers/asr-9000-series-aggregation-services-routers/data_sheet_c78-501767.html
CRS-16/S-B,OK,2016,Cisco,CRS,16-Slot,Datacentre,CRS,CRS,Cisco XR,,,16,,,,,,40,10/100/1000/10GB,,,16,,,,,,,,,,,,,,,,12800000,12800000,,,,,,,,,,,YES,,,,,,"$304,419",,http://www.cisco.com/c/en/us/products/collateral/routers/carrier-routing-system/CRS-3_16-Slot_DS.html
NCS1002-K9,OK,2016,Cisco,5500,1002,WAN Aggregation,Network Convergence,,XR 6.0,,,,2,,,,,,,,,,,,,,,,,,,,,,,,,,2000000,,,,,,,,,,,,,,YES,,,"$572,369",,http://www.cisco.com/c/en/us/products/collateral/optical-networking/network-convergence-system-1000-series/datasheet-c78-733699.html
CISCO891-K9,EOL,2016,Cisco,890,891,Small Business,ISR,ISR,,,50,,,80,,,,8,10/100,2,10/100/1000,10,,,,,2,,,,,,,512,768,256,256,,,,,,,,,50,,,,,,,,,YES,,,http://www.cisco.com/c/en/us/products/collateral/routers/800-series-routers/data_sheet_c78-519930.html
CISCO892-K9,EOL,2016,Cisco,890,892,Small Business,ISR,ISR,,,50,,,80,,,,8,10/100,2,10/100/1000,10,,,,,2,,,,,,,512,768,256,256,,,,,,,,,50,,,,,,,,,YES,,,http://www.cisco.com/c/en/us/products/collateral/routers/800-series-routers/data_sheet_c78-519930.html
CISCO892F-K9,EOL,2014,Cisco,890,892F,Small Business,ISR,ISR,,,50,,,80,,,,8,10/100,2,10/100/1000,10,,1,,,2,,,,,,,512,512,256,256,,,,,,,,,50,,,,,,,,,YES,,,http://www.cisco.com/c/en/us/products/collateral/routers/800-series-routers/data_sheet_c78-519930.html
C892FSP-K9,OK,2016,Cisco,890,892FSP,Small Business,,,15.2(4)M,,50,,,80,,,,8,10/100/1000,2,10/100/1000,10,,1,,,1,,,,,,,,1000,256,256,,,,,,,,,50,,,,,,,,,YES,"$1,533",,http://www.cisco.com/c/en/us/products/collateral/routers/800-series-routers/data_sheet_c78-519930.html
C896VA-K9,OK,2016,Cisco,890,896VA,Small Business,,,15.2(4)M1,,50,,,125,,,,8,10/100/1000,1,10/100/1000,9,,1,,,1,,,,,,,,1000,256,256,,,,,,,,,50,,,,,,,,,YES,"$1,661",,http://www.cisco.com/c/en/us/products/collateral/routers/800-series-routers/data_sheet_c78-519930.html
C897VA-K9,OK,2016,Cisco,890,897VA,Small Business,,,15.2(4)M1,,50,,,125,,,,8,10/100/1000,1,10/100/1000,9,,1,,,1,,,,,,,,1000,256,256,,,,,,,,,50,,,,,,,,,YES,"$1,661",,http://www.cisco.com/c/en/us/products/collateral/routers/800-series-routers/data_sheet_c78-519930.html
C897VAB-K9,OK,2016,Cisco,890,897VAB,Small Business,,,15.4(3)M1,,50,,,125,,,,8,10/100/1000,1,10/100/1000,9,,1,,,1,,,,,,,,1000,256,256,,,,,,,,,50,,,,,,,,,YES,"$2,078",,http://www.cisco.com/c/en/us/products/collateral/routers/800-series-routers/data_sheet_c78-519930.html
C898EA-K9,OK,2016,Cisco,890,898EA,Small Business,,,15.2(4)M1,,50,,,125,,,,8,10/100/1000,1,10/100/1000,9,,1,,,1,,,,,,,,1000,256,256,,,,,,,,,50,,,,,,,,,YES,"$1,869",,http://www.cisco.com/c/en/us/products/collateral/routers/800-series-routers/data_sheet_c78-519930.html
C891F-K9,OK,2016,Cisco,890,891F,Small Business,,,"15.3(3)M2, 15.4(1)T",,50,,,125,,,,8,10/100/1000,2,10/100/1000,10,,1,,,1,,,,,,,,1000,256,256,,,,,,,,,50,,,,,,,,,YES,"$1,453",,http://www.cisco.com/c/en/us/products/collateral/routers/800-series-routers/data_sheet_c78-519930.html
C891-24X/K9,OK,2016,Cisco,890,891-24X,Small Business,,,15.5(1)T,,50,,,,,,,24,10/100/1000,2,10/100/1000,10,,2,,,1,,,,,,,,1000,256,256,,,,,,,,,50,,,,,,,,,YES,"$3,646",,http://www.cisco.com/c/en/us/products/collateral/routers/800-series-routers/data_sheet_c78-519930.html
C881-K9,OK,2016,Cisco,880,C881,Small Business,,,12.4(20)T,Advanced Security,20,,,80,,,,4,10/100,,,,,,,,1,,,,,,,,,256,256,,,,,,15,,,20,,YES,YES,YES,,,,,YES,$696,,http://www.cisco.com/c/en/us/products/collateral/routers/887-integrated-services-router-isr/data_sheet_c78_459542.html
C881SRST-K9,EOL,2013,Cisco,880,C881SRST,Small Business,,,12.4(20)T,Advanced IP,20,,,80,,,,4,10/100,,,,,,,,1,,4,1,,,,,,256,256,,,,,,15,,,20,,YES,YES,YES,,,,,YES,,,http://www.cisco.com/c/en/us/products/collateral/routers/887-integrated-services-router-isr/data_sheet_c78_459542.html
CISCO881-K9,EOL,2016,Cisco,880,881,Small Business,,,"12.4(20)T, 15.1(4)M",Advanced IP,20,,,80,,,,4,10/100,,,,,,,,1,,,,,,,,,128,128,,,,,,15,,,20,,YES,YES,YES,3G,,,,YES,,,http://www.cisco.com/c/en/us/products/collateral/routers/887-integrated-services-router-isr/data_sheet_c78_459542.html
C886VA-K9,OK,2016,Cisco,880,C886VA,Small Business,,,15.1(2)T,Advanced Security,20,,,80,,,,4,10/100,,,,,,,,1,,,,,,,,,256,256,,,,,,15,,,20,,YES,YES,YES,,,,,YES,$728,,http://www.cisco.com/c/en/us/products/collateral/routers/887-integrated-services-router-isr/data_sheet_c78_459542.html
C886VAJ-K9,OK,2016,Cisco,880,C886VAJ,Small Business,,,"15.3(3)M2, 15.4(1)T",Advanced Security,20,,,80,,,,4,10/100,,,,,,,,1,,,,,,,,,256,256,,,,,,15,,,20,,YES,YES,YES,,,,,YES,$728,,http://www.cisco.com/c/en/us/products/collateral/routers/887-integrated-services-router-isr/data_sheet_c78_459542.html
CISCO886VA-K9,EOL,2016,Cisco,880,886VA,Small Business,,,15.1(2)T,Advanced Security,20,,,80,,,,4,10/100,,,,,,,,1,,,,,,,,,256,256,,,,,,15,,,20,,YES,YES,YES,3G,,,,YES,,,http://www.cisco.com/c/en/us/products/collateral/routers/887-integrated-services-router-isr/data_sheet_c78_459542.html
CISCO886-K9,EOL,2011,Cisco,880,886,Small Business,,,12.4(22)YB3,Advanced Security,20,,,80,,,,4,10/100,,,,,,,,1,,,,,,,,,128,128,,,,,,15,,,20,,YES,YES,YES,3G,,,,YES,,,http://www.cisco.com/c/en/us/products/collateral/routers/887-integrated-services-router-isr/data_sheet_c78_459542.html
CISCO887-K9,EOL,2011,Cisco,880,C887,Small Business,,,12.4(22)YB3,Advanced Security,20,,,80,,,,4,10/100,,,,,,,,1,,,,,,,,,128,128,,,,,,15,,,20,,YES,YES,YES,,,,,YES,,,http://www.cisco.com/c/en/us/products/collateral/routers/887-integrated-services-router-isr/data_sheet_c78_459542.html
C887VAM-K9,OK,2016,Cisco,880,C887VAM,Small Business,,,"15.3(3)M2, 15.4(1)T",Advanced Security,20,,,80,,,,4,10/100,,,,,,,,1,,,,,,,,,256,256,,,,,,15,,,20,,YES,YES,YES,,,,,YES,$728,,http://www.cisco.com/c/en/us/products/collateral/routers/887-integrated-services-router-isr/data_sheet_c78_459542.html
CISCO887-K9,EOL,2013,Cisco,880,887,Small Business,,,12.4(22)YB3,Advanced Security,20,,,80,,,,4,10/100,,,,,,,,1,,,,,,,,,128,128,,,,,,15,,,20,,YES,YES,YES,3G,,,,YES,,,http://www.cisco.com/c/en/us/products/collateral/routers/887-integrated-services-router-isr/data_sheet_c78_459542.html
CISCO887V-K9,EOL,2016,Cisco,880,887V,Small Business,,,"12.4(22)YB, 12.4(24)T",Advanced Security,20,,,80,,,,4,10/100,,,,,,,,1,,,,,,,,,256,256,,,,,,15,,,20,,YES,YES,YES,3G,,,,YES,,,http://www.cisco.com/c/en/us/products/collateral/routers/887-integrated-services-router-isr/data_sheet_c78_459542.html
C888-K9,OK,2016,Cisco,880,C888,Small Business,,,15.4(2)T,Advanced Security,20,,,80,,,,4,10/100,,,,,,,,1,,,,,,,,,256,256,,,,,,15,,,20,,YES,YES,YES,,,,,YES,$884,,http://www.cisco.com/c/en/us/products/collateral/routers/887-integrated-services-router-isr/data_sheet_c78_459542.html
CISCO888-K9,EOL,2015,Cisco,880,888,Small Business,,,12.4(20)T,Advanced Security,20,,,80,,,,4,10/100,,,,,,,,1,,,,,,,,,128,128,,,,,,15,,,20,,YES,YES,YES,3G,,,,YES,,,http://www.cisco.com/c/en/us/products/collateral/routers/887-integrated-services-router-isr/data_sheet_c78_459542.html
CISCO888E-K9,EOL,2016,Cisco,880,888E,Small Business,,,15.1(1)T,Advanced Security,20,,,80,,,,4,10/100,,,,,,,,1,,,,,,,,,128,128,,,,,,15,,,20,,YES,YES,YES,3G,,,,YES,,,http://www.cisco.com/c/en/us/products/collateral/routers/887-integrated-services-router-isr/data_sheet_c78_459542.html
C888EA-K9,OK,2016,Cisco,880,888EA,Small Business,,,15.2(2)T,Advanced Security,20,,,80,,,,4,10/100,,,,,,,,1,,,,,,,,,128,128,,,,,,15,,,20,,YES,YES,YES,,,,,YES,"$1,354",,http://www.cisco.com/c/en/us/products/collateral/routers/887-integrated-services-router-isr/data_sheet_c78_459542.html
C881-V-K9,OK,2016,Cisco,880,881V,Small Business,Voice Gateway,,15.1(4)M,Advanced IP,20,,,80,,,,4,10/100,,,,,,,,1,2,4,1,,,,,,256,256,,,,,,15,,,20,,YES,YES,YES,3G,,,,YES,"$1,505",,http://www.cisco.com/c/en/us/products/collateral/routers/887-integrated-services-router-isr/data_sheet_c78_459542.html
C887VA-V-K9,EOL,2015,Cisco,880,887VA-V,Small Business,Voice Gateway,,15.1(4)M,Advanced IP,20,,,80,,,,4,10/100,,,,,,,,1,2,4,,,,,,,256,256,,,,,,15,,,20,,YES,YES,YES,3G,,,,YES,,,http://www.cisco.com/c/en/us/products/collateral/routers/887-integrated-services-router-isr/data_sheet_c78_459542.html
C888SRST-K9,EOL,2016,Cisco,880,888 SRST,Small Business,Voice Gateway,,12.4(20)T,Advanced IP,20,,,80,,,,4,10/100,,,,,,,,1,1,4,,,,,,,256,256,,,,,,15,,,20,,YES,YES,YES,3G,,,,YES,,,http://www.cisco.com/c/en/us/products/collateral/routers/887-integrated-services-router-isr/data_sheet_c78_459542.html
CISCO887-K9,EOL,2016,Cisco,880,887VA,Small Business,Voice Gateway,,15.1(2)T,Advanced Security,20,,,80,,,,4,10/100,,,,,,,,1,,,,,,,,,256,256,,,,,,15,,,20,,YES,YES,YES,3G,,,,YES,,,http://www.cisco.com/c/en/us/products/collateral/routers/887-integrated-services-router-isr/data_sheet_c78_459542.html
CISCO861-K9,EOL,2013,Cisco,860,861,Small Business,,,"12.4(15)XZ, 12.4(20)T",,5,,,,,,,4,10/100,,,,,,,,,,,,,,,256,256,128,128,,,,,,,,,5,,YES,,YES,,,,,,,,http://www.cisco.com/c/en/us/products/collateral/routers/800-series-routers/data_sheet_c78_461543.html
CISCO861W-GN-E-K9,EOL,2014,Cisco,860,861W,Small Business,Wireless Router,,"12.4(15)XZ, 12.4(20)T",,5,,,,,,,4,10/100,,,,,,,,,,,,,,,256,256,128,128,,,,,,,,,5,,YES,,YES,,,,,YES,,,http://www.cisco.com/c/en/us/products/collateral/routers/800-series-routers/data_sheet_c78_461543.html
CISCO867-K9,EOL,2011,Cisco,860,867,Small Business,,,12.4(22)YB3,,5,,,,,,,4,10/100,,,,,,,,,,,,,,,256,256,128,128,,,,,,,,,5,,YES,,YES,,,,,,,,http://www.cisco.com/c/en/us/products/collateral/routers/800-series-routers/data_sheet_c78_461543.html
CISCO867W-GN-E-K9,EOL,2011,Cisco,860,867W,Small Business,Wireless Router,,12.4(22)YB3,,5,,,,,,,4,10/100,,,,,,,,,,,,,,,256,256,128,128,,,,,,,,,5,,YES,,YES,,,,,YES,,,http://www.cisco.com/c/en/us/products/collateral/routers/800-series-routers/data_sheet_c78_461543.html
NCS-6008-SYS-S,OK,2016,Cisco,5500,6008,WAN Aggregation,Network Convergence,,XR 5.0,,,8,,,,,,,,,,,,,,,,,,,,,,,,,,,16000000,,,,,,,,,YES,,,,,YES,,,"$574,262",,http://www.cisco.com/c/en/us/products/collateral/routers/network-convergence-system-6000-series-routers/data_sheet_c78-728048.html
CISCO3945/K9   ,OK,2016,Cisco,3900,3945,Branch,ISR,ISR,15.0(1)M,,,,3,,,,,3,10/100/1000,4,10/100/1000,4,2,1,4,,,,,,4,,,1000,2000,256,4000,230,230,1200,350,,1000,,,,,YES,YES,,,,YES,,WLC,"$13,000",CE,http://www.cisco.com/c/en/us/products/routers/3945-integrated-services-router-isr/index.html
C819HG,OK,2016,Cisco,810,819HG,Small Business,Wireless Router,,15.1(4)M1,,3,,,,,,,4,10/100,,10/100/1000,,,,,,,,,,,,,512,512,256,256,0.512,0.512,,,,,,30,20,,YES,YES,,3G,,,,,?,Wireless Router,http://www.cisco.com/c/en/us/products/collateral/routers/800-series-routers/datasheet_C78-728353.html
C819G1,OK,2016,Cisco,810,819G1,Small Business,Wireless Router,,15.1(4)M1,,3,,,,,,,4,10/100,,10/100/1000,,,,,,,,,,,,,512,512,256,256,0.512,0.512,,,,,,30,20,,YES,YES,,3G,,,,,?,Wireless Router,http://www.cisco.com/c/en/us/products/collateral/routers/800-series-routers/datasheet_C78-728353.html
C819HGW,OK,2016,Cisco,810,819HGW,Small Business,Wireless Router,,15.2(4)M1,,10,,,,,,,4,10/100,,10/100/1000,,,,,,,,,,,,,1000,1000,1000,1000,2,2,,,,,,75,20,,YES,YES,,3G,,,,,?,Wireless Router,http://www.cisco.com/c/en/us/products/collateral/routers/800-series-routers/datasheet_C78-728353.html
C819HWD-E-K9,OK,2016,Cisco,810,819HWD,Small Business,Wireless Router,,15.2(4)M1,,10,,,,,,,4,10/100,,10/100/1000,,,,,,,,,,,,,1000,1000,1000,1000,2,2,,,,,,75,20,,YES,YES,,3G,,,,,"$1,638",Wireless Router,http://www.cisco.com/c/en/us/products/collateral/routers/800-series-routers/datasheet_C78-728353.html
C819H-K9,OK,2016,Cisco,810,819H,Small Business,Wireless Router,,15.2(4)M1,,10,,,,,,,4,10/100,,10/100/1000,,,,,,,,,,,,,1000,1000,1000,1000,2,2,,,,,,75,20,,YES,YES,,3G,,,,,"$1,138",Wireless Router,http://www.cisco.com/c/en/us/products/collateral/routers/800-series-routers/datasheet_C78-728353.html
CISCO3925E/K9   ,OK,2016,Cisco,3900,3925E,Branch,ISR,ISR,15.0(1)M,,,,3,,,,,4,10/100/1000,3,10/100/1000,3,3,2,4,,,,,,3,,,1000,2000,256,4000,250,250,1350,400,,2000,,,,,YES,YES,,,,YES,,WLC,"$16,500",,http://www.cisco.com/c/en/us/products/routers/3925-integrated-services-router-isr/index.html
RV325-WB-K9-G5,OK,2016,Cisco,RV,RV325WF,Small Business,RV,,,,,,,,,,,14,10/100/1000,2,10/100/1000,16,16,,,,,,,,,,,,,,,20,100,,,,,,,25,,YES,,,,,,,,$583,,http://www.cisco.com/c/en/us/products/collateral/routers/rv325-dual-gigabit-wan-vpn-router/datasheet-c78-729726.html
RV325-WB-K9-G5,OK,2016,Cisco,RV,RV325,Small Business,RV,,,,,,,,,,,14,10/100/1000,2,10/100/1000,16,16,,,,,,,,,,,,,,,20,100,,,,,,,25,,YES,,,4G,,,,,$583,,http://www.cisco.com/c/en/us/products/collateral/routers/rv325-dual-gigabit-wan-vpn-router/datasheet-c78-729726.html
RV320-WB-K9-G5,OK,2016,Cisco,RV,RV320,Small Business,RV,,,,,,,,,,,4,10/100/1000,2,10/100/1000,6,6,,,,,,,,,,,,,,,20,100,,,,,,,25,,YES,,,4G,,,,,$396,,http://www.cisco.com/c/en/us/products/collateral/routers/rv325-dual-gigabit-wan-vpn-router/datasheet-c78-729726.html
RV320-WB-K9-G5,OK,2016,Cisco,RV,RV320WF,Small Business,RV,,,,,,,,,,,4,10/100/1000,2,10/100/1000,6,6,,,,,,,,,,,,,,,20,100,,,,,,,25,,YES,,,,,,,,$396,,http://www.cisco.com/c/en/us/products/collateral/routers/rv325-dual-gigabit-wan-vpn-router/datasheet-c78-729726.html
RV215W-E-G5-K9,OK,2016,Cisco,RV,RV215W,Small Business,RV,Wireless Router,,,32,,,,,,,4,10/100,1,10/100,,,,,,,,,,,,,,,,,5,90,,,,,,,5,,YES,,YES,4G,,,,YES,?,Wireless Router,http://www.cisco.com/c/en/us/products/collateral/routers/rv215w-wireless-n-vpn-router/data_sheet_c78-712088.html
RV134W,OK,2016,Cisco,RV,RV134W,Small Business,RV,Wireless Router,,,,,,,,,,4,10/100/1000,,,,,,,,1,,,,,,,,,,,,,,,,,,,,,YES,,,,,,,YES,?,Wireless Router,http://www.cisco.com/c/en/us/products/routers/rv134w-vdsl2-wireless-ac-vpn-router/index.html
RV132W,OK,2016,Cisco,RV,RV132W,Small Business,RV,,,,,,,,,,,3,10/100/1000,,,,,,,,1,,,,,,,,,,,,,,,,,,,,,YES,,,,,,,,?,,http://www.cisco.com/c/en/us/products/routers/rv132w-adsl2-plus-wireless-n-vpn-router/index.html
NCS-6008-SYS-S,OK,2016,Cisco,6000,6008,Service Provider,Core,Network Convergence,,,,8,,,,,,,10/100/1000,8,,,,,,,,,,,,,,,,,,8000000,128000000,,,,,,,,,,,YES,,,,,,"$584,959",,http://www.cisco.com/c/en/us/products/collateral/routers/network-convergence-system-6000-series-routers/data_sheet_c78-728048.html?cachemode=refresh
RV130WF,OK,2016,Cisco,RV,RV130WF,Small Business,RV,,,,,,,,,,,4,10/100/1000,1,10/100/1000,,,,,,,,,,,,,,,,,,,,,,,,,,,YES,,,4G,,,,,?,,http://www.cisco.com/c/en/us/products/routers/rv130-wf-vpn-router/index.html
RV130W-WB-E-K9-G5,OK,2016,Cisco,RV,RV130WNWF,Small Business,RV,Wireless Router,Linux,,,,,,,,,4,10/100/1000,1,10/100/1000,,,,,,,,,,,,,,,,,,,,,,,,,,,YES,,,4G,,,,YES,?,Wireless Router,http://www.cisco.com/c/en/us/products/routers/rv130w-wireless-n-multifunction-wf-vpn-router/index.html
ASR1001-HX,OK,2016,Cisco,1000,1001-HX,Datacentre,ASR,ASR,XE 16.3.1S,,,,1,,,,,8,10/100/1000,4,10/100/1000/10GB,12,,4,,,,,,,,,,,8000,,1000,1000,1000,,,,,,,,,,,,,,YES,,,?,CE,http://www.cisco.com/c/en/us/products/collateral/routers/asr-1000-series-aggregation-services-routers/datasheet-c78-731632.html
RV110W-E-G5-K9,OK,2016,Cisco,RV,RV110W,Small Business,RV,Wireless Router,,,,,,,,,,4,10/100,1,10/100,,,,,,,,,,,,,,,,,5,90,,,,,,,6,,YES,,YES,,,,,YES,$119,Wireless Router,http://www.cisco.com/c/en/us/products/collateral/routers/rv110w-wireless-n-vpn-firewall/data_sheet_c78-660141.html
RV042-UK,EOL,2016,Cisco,RV,RV42,Small Business,RV,,,,,,,,,,,4,10/100/1000,2,10/100,,,,,,,,,,,,,,,,,59,100,,,,,,,50,,YES,,,,,,,,RF,,http://www.cisco.com/c/en/us/products/collateral/routers/rv042-dual-wan-vpn-router/data_sheet_c78-501225.html
RV042G,EOL,2016,Cisco,RV,RV42G,Small Business,RV,,,,,,,,,,,4,10/100/1000,2,10/100,,,,,,,,,,,,,,,,,75,800,,,,,,,50,,YES,,,,,,,,RF,,http://www.cisco.com/c/en/us/products/collateral/routers/rv042g-dual-gigabit-wan-vpn-router/data_sheet_c78-706724.html
CRS-4,OK,2016,Cisco,CRS,4-Slot,Datacentre,CRS,CRS,,,,4,,,,,,,,,,4,,,,,,,,,,,,,,,,1120000,1120000,,,,,,,,,,,,,,,,,?,,http://www.cisco.com/c/en/us/products/routers/crs-1-4-slot-single-shelf-system/index.html
CRS-MS,OK,2016,Cisco,CRS,Multishelf,Datacentre,CRS,CRS,,,,,,,,,,,,,,72,,,,,,,,,,,,,,,,922000000,922000000,,,,,,,,,,,,,,,,,?,,
12810/800-AC,OK,2016,Cisco,12000,12810,Service Provider,Edge,Edge,Cisco XR,,,10,2,,,,,,,,,10,,,,,,,,,,,,,,,,800000,1280000,,,,,,,,,,,YES,,,,,,?,,http://www.cisco.com/c/en/us/products/routers/12810-router/index.html
XR-12416/320-AC,OK,2016,Cisco,12000,12416,Service Provider,Edge,Edge,Cisco XR,,,10,1,,,,,,,,,16,,,,,,,,,,,,,,,,320000,800000,,,,,,,,,,,YES,,,,,,?,,http://www.cisco.com/c/en/us/products/routers/12416-router/index.html
XR-12410/200-AC,OK,2016,Cisco,12000,12410,Service Provider,Edge,Edge,Cisco XR,,,10,2,,,,,,,,,10,,,,,,,,,,,,,,,,200000,800000,,,,,,,,,,,YES,,,,,,?,,http://www.cisco.com/c/en/us/products/routers/12410-router/index.html
12016-AC,OK,2016,Cisco,12000,12016,Service Provider,Edge,Edge,Cisco XR,,,16,1,,,,,,,,,16,,,,,,,,,,,,,,,,1280000,320000,,,,,,,,,,,YES,,,,,,?,,http://www.cisco.com/c/en/us/products/routers/12016-router/index.html
A900-RSP3C-200,OK,2016,Cisco,903,RSP3C-200,Service Provider,Edge,ASR,3.16.1S,,,,,,,,,48,10/100/1000,48,10/100/1000/10GB,,,,,,,,,,,,,8000,,8000,,,240000,,,,,,,,,,,YES,,,,,,?,,http://www.cisco.com/c/en/us/products/collateral/routers/asr-903-series-aggregation-services-routers/data_sheet_c78-715296.html
RV130,OK,2016,Cisco,RV,RV130WN,Small Business,RV,,,,,,,,,,,4,10/100/1000,1,10/100/1000,,,,,,1,,,,,,,,,,,50,800,,,,,,,10,,YES,,,4G,,,,YES,?,,http://www.cisco.com/c/en/us/products/collateral/routers/small-business-rv-series-routers/datasheet-c78-731522.html
NCS2002,OK,2016,Cisco,5500,2002,WAN Aggregation,Network Convergence,,,,,2,2,,,,,,,,,,5,5,,,14,,,,,,,,,,,,19200000,,,,,,,,,,,,,,YES,,,?,,http://www.cisco.com/c/en/us/products/collateral/optical-networking/network-convergence-system-2000-series/data_sheet_c78-729221.html
NCS2006,OK,2016,Cisco,5500,2006,WAN Aggregation,Network Convergence,,,,,6,6,,,,,,,,,,5,5,,,14,,,,,,,,,,,,19200000,,,,,,,,,,,,,,YES,,,?,,http://www.cisco.com/c/en/us/products/collateral/optical-networking/network-convergence-system-2000-series/data_sheet_c78-729221.html
NCS2015,OK,2016,Cisco,5500,2015,WAN Aggregation,Network Convergence,,,,,15,14,,,,,,,,,,5,5,,,14,,,,,,,,,,,,19200000,,,,,,,,,,,,,,YES,,,?,,http://www.cisco.com/c/en/us/products/collateral/optical-networking/network-convergence-system-2000-series/data_sheet_c78-729221.html
NCS4009,OK,2016,Cisco,5500,4009,WAN Aggregation,Network Convergence,,XR 5.2.0,,,,16,,,,,,,,,,,,,,,,,,,,,,,,,,3200000,,,,,,,,,,,,,,YES,,,?,,
NCS4016,OK,2016,Cisco,5500,4016,WAN Aggregation,Network Convergence,,XR 5.2.0,,,,24,,,,,,,,,,,,,,,,,,,,,,,,,,3200000,,,,,,,,,,,,,,YES,,,?,,
NCS5001,OK,2016,Cisco,5500,5001,WAN Aggregation,Network Convergence,,XR 6.0,,,,1,,,,,,,,,,,,,,,,,,,,,,,,,,960000,,,,,,,,,,,,,,YES,,,?,,
CISCO7613,OK,2016,Cisco,7600,7613,Datacentre,Router,Router,12.1(13)E,,,,18,,,,,,10/100/1000/10GB,,,13,,,,,,,,,,,400,,,,,720000,720000,,,,,,,,,YES,YES,,,,YES,,,RF,,http://www.cisco.com/c/en/us/products/collateral/routers/7613-router/product_data_sheet09186a008015cfeb.html
,,,,,,,,,,,,,,,,,,,,,,,,,,,,,,,,,,,,,,,,,,,,,,,,,,,,,,,,,,
,,,,,,,,,,,,,,,,,,,,,,,,,,,,,,,,,,,,,,,,,,,,,,,,,,,,,,,,,,
