"MAKE","Type","EOL","Year","Layer","BASE","Uplinks","Series","Product","Ports","PoE Usage (WATTS)","MBPS per device","PoE (WATTS)","MBPS","Part Code","Price ($)","Datasheet",,,,,,,,,,,,,,,,
"BLANK","BLANK","BLANK","BLANK","BLANK","BLANK","BLANK","BLANK","BLANK",0,0,0,0,0,"BLANK",0,"BLANK",,,,,,,,,,,,,,,,
"Avaya","IP Phone","OK",2016,,,,,"1120E",,6.49,1000,,,"1120E",,"http://www.avaya.com/uk/product/1100-series-ip-deskphones/",,,,,,,,,,,,,,,,
"Cisco","IP Phone","EOL",2013,,,,6900,6961,,6.49,100,,,"CP-6961-C-K9=",,"http://www.cisco.com/c/en/us/products/collateral/collaboration-endpoints/unified-ip-phone-6961/data_sheet_c78-541539.html",,,,,,,,,,,,,,,,
"Cisco","IP Phone","EOL",2013,,,,6900,6945,,3.84,100,,,"CP-6945-C-K9=",,"http://www.cisco.com/c/en/us/products/collateral/collaboration-endpoints/unified-ip-phone-6900-series/data_sheet_c78-637812.html",,,,,,,,,,,,,,,,
"Cisco","IP Phone","EOL",2013,,,,6900,6941,,6.49,100,,,"CP-6941-C-K9=",,"http://www.cisco.com/c/en/us/products/collaboration-endpoints/unified-ip-phone-6941/index.html",,,,,,,,,,,,,,,,
"Cisco","IP Phone","EOL",2013,,,,6900,6921,,6.49,100,,,"CP-6921-C-K9=",,"http://www.cisco.com/c/en/us/products/collaboration-endpoints/unified-ip-phone-6921/index.html",,,,,,,,,,,,,,,,
"Cisco","IP Phone","EOL",2013,,,,6900,6911,,3.84,100,,,"CP-6911-C-K9=",,"http://www.cisco.com/c/en/us/products/collateral/collaboration-endpoints/unified-ip-phone-6911/data_sheet_c78-584413.html",,,,,,,,,,,,,,,,
"Cisco","IP Phone","OK",2017,,,,6900,6901,,3.84,100,,,"CP-6901-C-K9=",117,"http://www.cisco.com/c/en/us/products/collateral/collaboration-endpoints/unified-ip-phone-6901/data_sheet_c78-584412.html",,,,,,,,,,,,,,,,
"Cisco","IP Phone","EOL",2010,,,,7900,"7985G",,12.94,100,,,"CP-7985-PAL",,"http://www.cisco.com/c/en/us/products/collateral/collaboration-endpoints/unified-ip-phone-7985g/product_data_sheet0900aecd8030e546.html",,,,,,,,,,,,,,,,
"Cisco","IP Phone","OK",2017,,,,7900,"7975G",,12.95,1000,,,"CP-7975G",12256,"http://www.cisco.com/c/en/us/products/collateral/collaboration-endpoints/unified-ip-phone-7975g/product_data_sheet0900aecd8069bdb7.html",,,,,,,,,,,,,,,,
"Cisco","IP Phone","EOL",2016,,,,7900,"7970G",,12.95,100,,,"CP-7970G",,"http://www.cisco.com/c/en/us/products/collateral/collaboration-endpoints/unified-ip-phone-7900-series/product_data_sheet0900aecd805efaeb.html",,,,,,,,,,,,,,,,
"Cisco","IP Phone","OK",2017,,,,7900,"7965G",,12.95,1000,,,"CP-7965G",1062,"http://www.cisco.com/c/en/us/products/collateral/collaboration-endpoints/unified-ip-phone-7965g/product_data_sheet0900aecd8069bd58.html",,,,,,,,,,,,,,,,
"Cisco","IP Phone","EOL",2016,,,,7900,"7962G",,6.49,100,,,"CP-7962G",,"http://www.cisco.com/c/en/us/products/collateral/collaboration-endpoints/unified-ip-phone-7962g/product_data_sheet0900aecd8069bd41.html",,,,,,,,,,,,,,,,
"Cisco","IP Phone","EOL",2010,,,,7900,"7961G",,6.49,100,,,"CP-7961G",,"http://www.cisco.com/c/en/us/products/collateral/collaboration-endpoints/unified-ip-phone-7961g/product_data_sheet0900aecd802ff020.html",,,,,,,,,,,,,,,,
"Cisco","IP Phone","EOL",2010,,,,7900,"7960G",,6.3,100,,,"CP-7960G",,"http://www.cisco.com/c/en/us/products/collateral/collaboration-endpoints/unified-ip-phone-7960g/product_data_sheet09186a0080091984.html",,,,,,,,,,,,,,,,
"Cisco","IP Phone","OK",2017,,,,7900,"7945G",,12.95,1000,,,"CP-7945G",884,"http://www.cisco.com/c/en/us/products/collateral/collaboration-endpoints/unified-ip-phone-7945g/product_data_sheet0900aecd8069bb80.html",,,,,,,,,,,,,,,,
"Cisco","IP Phone","EOL",2016,,,,7900,"7942G",,6.49,100,,,"CP-7942G",,"http://www.cisco.com/c/en/us/products/collateral/collaboration-endpoints/unified-ip-phone-7942g/product_data_sheet0900aecd8069bb68.html",,,,,,,,,,,,,,,,
"Cisco","IP Phone","EOL",2016,,,,7900,"7941G",,6.3,100,,,"CP-7941G",,"http://www.cisco.com/c/en/us/products/collateral/collaboration-endpoints/unified-ip-phone-7941g/product_data_sheet0900aecd802ff012.html",,,,,,,,,,,,,,,,
"Cisco","IP Phone","EOL",2010,,,,7900,"7940G",,6.3,100,,,"CP-7940G",,"http://www.cisco.com/c/en/us/products/collateral/collaboration-endpoints/unified-ip-phone-7940g/product_data_sheet09186a008008884a.html",,,,,,,,,,,,,,,,
"Cisco","IP Phone","EOL",2013,,,,7900,"7937G",,12.95,100,,,"CP-7937G",,"http://www.cisco.com/c/en/us/products/collateral/collaboration-endpoints/unified-ip-conference-station-7937g/product_data_sheet0900aecd806e021a.html",,,,,,,,,,,,,,,,
"Cisco","IP Phone","OK",2017,,,,7900,"7931G",,12.95,100,,,"CP-7931G","RF","http://www.cisco.com/c/en/us/products/collateral/collaboration-endpoints/unified-ip-phone-7931g/product_data_sheet0900aecd80534259.html",,,,,,,,,,,,,,,,
"Cisco","IP Phone","EOL",2016,,"802.11a/b/g",,7900,"7926G",,"N/A",54,,,"CP-7926G-W-K9",,"http://www.cisco.com/c/en/us/products/collateral/collaboration-endpoints/unified-wireless-ip-phone-7926g/data_sheet_c78-649589.html",,,,,,,,,,,,,,,,
"Cisco","IP Phone","EOL",2016,,"802.11a/b/g",,7900,"7925G-EX",,"N/A",54,,,"CP-7925G-EX-K9",,"http://www.cisco.com/c/en/us/products/collateral/collaboration-endpoints/unified-wireless-ip-phone-7925g-ex/data_sheet_c78-565676.html",,,,,,,,,,,,,,,,
"Cisco","IP Phone","EOL",2016,,"802.11b/g",,7900,"7925G",,"N/A",54,,,"CP-7925G-A-K9",,"http://www.cisco.com/c/en/us/products/collateral/collaboration-endpoints/unified-wireless-ip-phone-7925g/data_sheet_c78-504890.html",,,,,,,,,,,,,,,,
"Cisco","IP Phone","EOL",2014,,"802.11a/b/g",,7900,"7921G",,"N/A",54,,,"CP-7921G-A-K9",,"http://www.cisco.com/c/en/us/products/collateral/collaboration-endpoints/unified-ip-phone-7900-series/product_data_sheet0900aecd805e315d.html",,,,,,,,,,,,,,,,
"Cisco","IP Phone","EOL",2014,,"802.11b",,7900,7920,,"N/A",11,,,"CP-7920-FC-K9",,"http://www.cisco.com/c/en/us/products/collateral/collaboration-endpoints/unified-wireless-ip-phone-7920/product_data_sheet09186a00801739bb.html",,,,,,,,,,,,,,,,
"Cisco","IP Phone","EOL",2014,,,,7900,"7912G",,6.3,100,,,"CP-7912G-A",,"http://www.cisco.com/c/en/us/products/collateral/collaboration-endpoints/unified-ip-phone-7912g/product_data_sheet09186a00801739c0.html",,,,,,,,,,,,,,,,
"Cisco","IP Phone","EOL",2013,,,,7900,"7911G",,5,100,,,"CP-7911G",,"http://www.cisco.com/c/en/us/products/collateral/collaboration-endpoints/unified-ip-phone-7911g/product_data_sheet0900aecd8039de52.html",,,,,,,,,,,,,,,,
"Cisco","IP Phone","EOL",2010,,,,7900,"7906G",,6.3,100,,,"CP-7906G",,"http://www.cisco.com/c/en/us/products/collateral/collaboration-endpoints/unified-ip-phone-7906g/product_data_sheet0900aecd8048f738.html",,,,,,,,,,,,,,,,
"Cisco","IP Phone","OK",2016,,,,7800,7821,,3.84,100,,,"CP-7821-K9=",263,"http://www.cisco.com/c/en/us/products/collateral/collaboration-endpoints/unified-ip-phone-7800-series/data-sheet-c78-729488.html",,,,,,,,,,,,,,,,
"Cisco","IP Phone","OK",2016,,,,8800,8845,,6.49,1000,,,"CP-8845-K9=",534,"http://www.cisco.com/c/en/us/products/collateral/collaboration-endpoints/unified-ip-phone-8800-series/datasheet-c78-734730.html",,,,,,,,,,,,,,,,
"Cisco","IP Phone","OK",2016,,,,7800,7811,,3.84,100,,,"CP-7811-K9=",200,"http://www.cisco.com/c/en/us/products/collateral/collaboration-endpoints/unified-ip-phone-7800-series/data-sheet-c78-729488.html",,,,,,,,,,,,,,,,
"Cisco","IP Phone","OK",2016,,,,7800,7841,,3.84,1000,,,"CP-7841-K9=",370,"http://www.cisco.com/c/en/us/products/collateral/collaboration-endpoints/unified-ip-phone-7800-series/data-sheet-c78-729488.html",,,,,,,,,,,,,,,,
"Cisco","IP Phone","OK",2016,,,,7800,7861,,3.84,100,,,"CP-7861-K9=",400,"http://www.cisco.com/c/en/us/products/collateral/collaboration-endpoints/unified-ip-phone-7800-series/data-sheet-c78-729488.html",,,,,,,,,,,,,,,,
"Cisco","IP Phone","OK",2016,,,,8800,8811,,6.49,100,,,"CP-8811-K9=",454,"http://www.cisco.com/c/en/us/products/collateral/collaboration-endpoints/unified-ip-phone-8800-series/datasheet-c78-731637.html",,,,,,,,,,,,,,,,
"Cisco","IP Phone","OK",2016,,"802.11a/b/g/n/ac",,8800,8821,,"N/A",54,,,"CP-8821-K9-BUN",3741,"http://www.cisco.com/c/en/us/products/collateral/collaboration-endpoints/wireless-ip-phone-8821/datasheet-c78-737346.html",,,,,,,,,,,,,,,,
"Cisco","IP Phone","OK",2016,,,,8800,8831,,12.95,100,,,"CP-8831-EU-K9=",1395,"http://www.cisco.com/c/en/us/products/collateral/collaboration-endpoints/unified-ip-phone-8800-series/data_sheet_c78-726887.html",,,,,,,,,,,,,,,,
"Cisco","IP Phone","OK",2016,,,,8800,8841,,12.95,100,,,"CP-8841-K9= ÿÿ",504,"http://www.cisco.com/c/en/us/products/collateral/collaboration-endpoints/unified-ip-phone-8800-series/datasheet-c78-731638.html",,,,,,,,,,,,,,,,
"Cisco","IP Phone","OK",2016,,,,8800,8845,,6.49,1000,,,"CP-8845-K9=",590,"http://www.cisco.com/c/en/us/products/collateral/collaboration-endpoints/unified-ip-phone-8800-series/datasheet-c78-734730.html",,,,,,,,,,,,,,,,
"Cisco","IP Phone","OK",2016,,,,8800,8851,,12.95,1000,,,"CP-8851-K9=",606,"http://www.cisco.com/c/en/us/products/collateral/collaboration-endpoints/unified-ip-phone-8800-series/datasheet-c78-731667.html",,,,,,,,,,,,,,,,
"Cisco","IP Phone","OK",2016,,,,8800,8861,,25.5,100,,,"CP-8861-K9=",708,"http://www.cisco.com/c/en/us/products/collateral/collaboration-endpoints/unified-ip-phone-8800-series/datasheet-c78-731668.html",,,,,,,,,,,,,,,,
"Cisco","IP Phone","OK",2016,,,,8800,8865,,25.5,1000,,,"CP-8865-K9=",815,"http://www.cisco.com/c/en/us/products/collateral/collaboration-endpoints/unified-ip-phone-8800-series/datasheet-c78-734731.html",,,,,,,,,,,,,,,,
"Cisco","IP Phone","OK",2016,,,,8900,8941,,3.84,100,,,"CP-8941-K9=","RF","http://www.cisco.com/c/en/us/products/collateral/collaboration-endpoints/unified-ip-phone-8941/data_sheet_c78-649593.html",,,,,,,,,,,,,,,,
"Cisco","IP Phone","EoL",2015,,,,8900,8945,,6.49,1000,,,"CP-8945-K9=",534,"http://www.cisco.com/c/en/us/products/collateral/collaboration-endpoints/unified-ip-phone-8945/data_sheet_c78-649595.html?cachemode=refresh",,,,,,,,,,,,,,,,
"Cisco","IP Phone","EoL",2015,,,,8900,8961,,25.5,1000,,,"CP-8961-K9=","RF","http://www.cisco.com/c/en/us/products/collateral/collaboration-endpoints/unified-ip-phone-8961/data_sheet_c78-565397.html?cachemode=refresh",,,,,,,,,,,,,,,,
"Cisco","IP Phone","OK",2016,,,,9900,9951,,25.5,1000,,,"CP-9951-K9=","RF","http://www.cisco.com/c/en/us/products/collaboration-endpoints/unified-ip-phones-9900-series/models-listing.html",,,,,,,,,,,,,,,,
"Cisco","IP Phone","OK",2016,,,,9900,9971,,25.5,1000,,,"CP-9971-K9=","RF","http://www.cisco.com/c/en/us/products/collaboration-endpoints/unified-ip-phone-9971/index.html",,,,,,,,,,,,,,,,
"Cisco","Switch","DO NOT SELL",2016,2,"LAN Lite","NONE",100,"SF100D-16P-UK",16,,,64,3200,"SF100D-16P-UK",342,"http://www.cisco.com/c/en/us/products/collateral/switches/small-business-100-series-unmanaged-switches/datasheet_C78-582017.html",,,,,,,,,,,,,,,,
"Cisco","Switch","DO NOT SELL",2016,2,"LAN Lite","NONE",100,"SF100D-16-UK",16,,,0,3200,"SF100D-16-UK",127,"http://www.cisco.com/c/en/us/products/collateral/switches/small-business-100-series-unmanaged-switches/datasheet_C78-582017.html",,,,,,,,,,,,,,,,
"Cisco","Switch","EoL",2016,2,"LAN Lite","NONE",110,"SF110D-05-UK ÿÿ",5,,,0,1000,"SF110D-05-UK ÿÿ",79,"http://www.cisco.com/c/en/us/products/collateral/switches/110-series-unmanaged-switches/datasheet-c78-734450.html",,,,,,,,,,,,,,,,
"Cisco","Switch","DO NOT SELL",2016,2,"LAN Lite","NONE",110,"SF110D-08HP-UK",8,,,32,800,"SF110D-08HP-UK",214,"http://www.cisco.com/c/en/us/products/collateral/switches/110-series-unmanaged-switches/datasheet-c78-734450.html",,,,,,,,,,,,,,,,
"Cisco","Switch","DO NOT SELL",2016,2,"LAN Lite","NONE",110,"SF110D-16-UK",16,,,64,1600,"SF110D-16-UK",127,"http://www.cisco.com/c/en/us/products/collateral/switches/110-series-unmanaged-switches/datasheet-c78-734450.html",,,,,,,,,,,,,,,,
"Cisco","Switch","DO NOT SELL",2016,2,"LAN Lite","2 x SFP",200,"SF200-24FP",24,,,180,22400,"SLM224PT","RF","http://www.cisco.com/c/en/us/products/collateral/switches/small-business-100-series-unmanaged-switches/data_sheet_c78-634369.html",,,,,,,,,,,,,,,,
"Cisco","Switch","DO NOT SELL",2016,2,"LAN Lite","2 x SFP",200,"SF200-24P",12,,,100,22400,"SLM224PT","RF","http://www.cisco.com/c/en/us/products/collateral/switches/small-business-100-series-unmanaged-switches/data_sheet_c78-634369.html",,,,,,,,,,,,,,,,
"Cisco","Switch","DO NOT SELL",2016,2,"LAN Lite","2 x SFP",200,"SF200-48P",24,,,180,24800,"SF200-48P","RF","http://www.cisco.com/c/en/us/products/collateral/switches/small-business-100-series-unmanaged-switches/data_sheet_c78-634369.html",,,,,,,,,,,,,,,,
"Cisco","Switch","EoL",2016,2,"LAN Lite","NONE",100,"SG100D-08-UK",8,,,33.6,16000,"SG100D-08-UK",127,"http://www.cisco.com/c/en/us/products/collateral/switches/small-business-100-series-unmanaged-switches/datasheet_C78-582017.html",,,,,,,,,,,,,,,,
"Cisco","Switch","DO NOT SELL",2016,2,"LAN Lite","NONE",110,"SG110-16HP-UK",16,,,64,16000,"SG110-16HP-UK",394,"http://www.cisco.com/c/en/us/products/collateral/switches/110-series-unmanaged-switches/datasheet-c78-734450.html",,,,,,,,,,,,,,,,
"Cisco","Switch","DO NOT SELL",2016,2,"LAN Lite","NONE",110,"SG110-16-UK",16,,,0,32000,"SG110-16-UK",272,"http://www.cisco.com/c/en/us/products/collateral/switches/110-series-unmanaged-switches/datasheet-c78-734450.html",,,,,,,,,,,,,,,,
"Cisco","Switch","DO NOT SELL",2016,2,"LAN Lite","NONE",110,"SG110-24HP-UK",24,,,100,24000,"SG110-24HP-UK",536,"http://www.cisco.com/c/en/us/products/collateral/switches/110-series-unmanaged-switches/datasheet-c78-734450.html",,,,,,,,,,,,,,,,
"Cisco","Switch","DO NOT SELL",2016,2,"LAN Lite","NONE",110,"SG110-24-UK",24,,,0,48000,"SG110-24-UK",298,"http://www.cisco.com/c/en/us/products/collateral/switches/110-series-unmanaged-switches/datasheet-c78-734450.html",,,,,,,,,,,,,,,,
"Cisco","Switch","DO NOT SELL",2016,2,"LAN Lite","NONE",110,"SG110D-05-UK",5,,,0,10000,"SG110D-05-UK",119,"http://www.cisco.com/c/en/us/products/collateral/switches/110-series-unmanaged-switches/datasheet-c78-734450.html",,,,,,,,,,,,,,,,
"Cisco","Switch","DO NOT SELL",2016,2,"LAN Lite","NONE",110,"SG110D-08HP-UK",8,,,32,8000,"SG110D-08HP-UK",214,"http://www.cisco.com/c/en/us/products/collateral/switches/110-series-unmanaged-switches/datasheet-c78-734450.html",,,,,,,,,,,,,,,,
"Cisco","Switch","DO NOT SELL",2016,2,"LAN Lite","NONE",110,"SG110D-08-UK",8,,,0,1600,"SG110D-08-UK",127,"http://www.cisco.com/c/en/us/products/collateral/switches/110-series-unmanaged-switches/datasheet-c78-734450.html",,,,,,,,,,,,,,,,
"Cisco","Switch","DO NOT SELL",2016,2,"LAN Lite","NONE",200,"SG200-08P",4,,,32,8000,"SLM2008PT","?","http://www.cisco.com/c/en/us/products/collateral/switches/small-business-100-series-unmanaged-switches/data_sheet_c78-634369.html",,,,,,,,,,,,,,,,
"Cisco","Switch","DO NOT SELL",2016,2,"LAN Lite","2 x SFP",200,"SG200-10FP",8,,,62,10000,"SG200-10FP-UK ÿÿ",465,"http://www.cisco.com/c/en/us/products/collateral/switches/small-business-100-series-unmanaged-switches/data_sheet_c78-634369.html",,,,,,,,,,,,,,,,
"Cisco","Switch","DO NOT SELL",2016,2,"LAN Lite","2 x SFP",200,"SG200-26FP",24,,,180,28000,"SG200-26FP","RF","http://www.cisco.com/c/en/us/products/collateral/switches/small-business-100-series-unmanaged-switches/data_sheet_c78-634369.html",,,,,,,,,,,,,,,,
"Cisco","Switch","DO NOT SELL",2016,2,"LAN Lite","2 x SFP",200,"SG200-26P",12,,,100,28000,"SLM2024PT-UK ",762,"http://www.cisco.com/c/en/us/products/collateral/switches/small-business-100-series-unmanaged-switches/data_sheet_c78-634369.html",,,,,,,,,,,,,,,,
"Cisco","Switch","DO NOT SELL",2016,2,"LAN Lite","2 x SFP",200,"SG200-50FP",48,,,375,50000,"SG200-50FP","RF","http://www.cisco.com/c/en/us/products/collateral/switches/small-business-100-series-unmanaged-switches/data_sheet_c78-634369.html",,,,,,,,,,,,,,,,
"Cisco","Switch","DO NOT SELL",2016,2,"LAN Lite","2 x SFP",200,"SG200-50P",24,,,180,50000,"SLM2048PT","RF","http://www.cisco.com/c/en/us/products/collateral/switches/small-business-100-series-unmanaged-switches/data_sheet_c78-634369.html",,,,,,,,,,,,,,,,
"Cisco","Switch","DO NOT SELL",2016,3,"IP Base","2 x SFP",220,"SG220-26P",24,,,180,26000,"SG220-26P-K9-UK",1036,"http://www.cisco.com/c/en/us/products/collateral/switches/small-business-220-series-smart-plus-switches/datasheet-c78-731284.html",,,,,,,,,,,,,,,,
"Cisco","Switch","DO NOT SELL",2016,3,"IP Base","2 x SFP",220,"SG220-50P",48,,,375,50000,"SG220-50P-K9","RF","http://www.cisco.com/c/en/us/products/collateral/switches/small-business-220-series-smart-plus-switches/datasheet-c78-731284.html",,,,,,,,,,,,,,,,
"Cisco","Switch","OK",2016,2,"LAN Lite","2 x SFP",2960,"WS-C2960C-8TC-S",8,,,0,2800,"WS-C2960C-8TC-S",595,"http://www.cisco.com/c/en/us/products/collateral/switches/catalyst-2960-c-series-switches/data_sheet_c78-639705.html",,,,,,,,,,,,,,,,
"Cisco","Switch","OK",2016,2,"LAN Base","2 x SFP",2960,"WS-C2960CPD-8TT-L",8,,,30,2800,"WS-C2960CPD-8TT-L",795,"http://www.cisco.com/c/en/us/products/collateral/switches/catalyst-2960-c-series-switches/data_sheet_c78-639705.html",,,,,,,,,,,,,,,,
"Cisco","Switch","OK",2016,2,"LAN Base","2 x SFP",2960,"WS-C2960C-8TC-L",8,,,0,2800,"WS-C2960C-8TC-L",795,"http://www.cisco.com/c/en/us/products/collateral/switches/catalyst-2960-c-series-switches/data_sheet_c78-639705.html",,,,,,,,,,,,,,,,
"Cisco","Switch","OK",2016,2,"LAN Base","2 x SFP",2960,"WS-C2960CPD-8PT-L",8,,,30.8,2800,"WS-C2960CPD-8PT-L",945,"http://www.cisco.com/c/en/us/products/collateral/switches/catalyst-2960-c-series-switches/data_sheet_c78-639705.html",,,,,,,,,,,,,,,,
"Cisco","Switch","OK",2016,2,"LAN Base","2 x Dual",2960,"WS-C2960C-8PC-L",8,,,124,2800,"WS-C2960C-8PC-L",1045,"http://www.cisco.com/c/en/us/products/collateral/switches/catalyst-2960-c-series-switches/data_sheet_c78-639705.html",,,,,,,,,,,,,,,,
"Cisco","Switch","EoL",2016,2,"LAN Lite","2 x SFP",2960,"WS-C2960+24TC-S",24,,,0,4400,"WS-C2960+24TC-S",725,"http://www.cisco.com/c/en/us/products/collateral/switches/catalyst-2960-plus-series-switches/data_sheet_c78-728003.html",,,,,,,,,,,,,,,,
"Cisco","Switch","OK",2017,2,"LAN Base","2 x SFP",2960,"WS-C2960CX-8TC-L",8,,,0,10000,"WS-C2960CX-8TC-L",1095,"http://www.cisco.com/c/en/us/products/collateral/switches/catalyst-3560-cx-series-switches/datasheet-c78-733229.html",,,,,,,,,,,,,,,,
"Cisco","Switch","OK",2016,2,"LAN Lite","2 x SFP",2960,"WS-C2960+24LC-S",24,,,123,6800,"WS-C2960+24LC-S",1153,"http://www.cisco.com/c/en/us/products/collateral/switches/catalyst-2960-plus-series-switches/data_sheet_c78-728003.html",,,,,,,,,,,,,,,,
"Cisco","Switch","EoL",2016,2,"LAN Base","2 x SFP",2960,"WS-C2960+48TC-L",48,,,0,6800,"WS-C2960+48TC-L",2495,"http://www.cisco.com/c/en/us/products/collateral/switches/catalyst-2960-plus-series-switches/data_sheet_c78-728003.html",,,,,,,,,,,,,,,,
"Cisco","Switch","EoL",2016,2,"LAN Lite","2 x SFP",2960,"WS-C2960+48TC-S",48,,,0,6800,"WS-C2960+48TC-S",1245,"http://www.cisco.com/c/en/us/products/collateral/switches/catalyst-2960-plus-series-switches/data_sheet_c78-728003.html",,,,,,,,,,,,,,,,
"Cisco","Switch","EoL",2016,2,"LAN Base","2 x SFP",2960,"WS-C2960-24LT-L",24,,,123,4400,"WS-C2960-24LT-L","RF","http://www.cisco.com/c/en/us/products/collateral/switches/catalyst-2960-series-switches/product_data_sheet0900aecd80322c0c.html",,,,,,,,,,,,,,,,
"Cisco","Switch","EoL",2016,2,"LAN Base","2 x SFP",2960,"WS-C2960-24PC-L",24,,,370,4400,"WS-C2960-24PC-L","RF","http://www.cisco.com/c/en/us/products/collateral/switches/catalyst-2960-series-switches/product_data_sheet0900aecd80322c0c.html",,,,,,,,,,,,,,,,
"Cisco","Switch","EoL",2016,2,"LAN Base","2 x SFP",2960,"WS-C2960-24TT-L",24,,,0,4400,"WS-C2960-24TT-L","RF","http://www.cisco.com/c/en/us/products/collateral/switches/catalyst-2960-series-switches/product_data_sheet0900aecd80322c0c.html",,,,,,,,,,,,,,,,
"Cisco","Switch","EoL",2016,2,"LAN Base","2 x SFP",2960,"WS-C2960-48PST-L",48,,,370,6800,"WS-C2960-48PST-L","RF","http://www.cisco.com/c/en/us/products/collateral/switches/catalyst-2960-series-switches/product_data_sheet0900aecd80322c0c.html",,,,,,,,,,,,,,,,
"Cisco","Switch","EoL",2016,2,"LAN Base","2 x SFP",2960,"WS-C2960-48TC-L",48,,,0,6800,"WS-C2960-48TC-L","RF","http://www.cisco.com/c/en/us/products/collateral/switches/catalyst-2960-series-switches/product_data_sheet0900aecd80322c0c.html",,,,,,,,,,,,,,,,
"Cisco","Switch","EoL",2016,2,"LAN Base","2 x SFP",2960,"WS-C2960-48TT-L",48,,,0,6800,"WS-C2960-48TT-L","RF","http://www.cisco.com/c/en/us/products/collateral/switches/catalyst-2960-series-switches/product_data_sheet0900aecd80322c0c.html",,,,,,,,,,,,,,,,
"Cisco","Switch","EoL",2016,2,"LAN Base","1 x SFP",2960,"WS-C2960-8TC-L",8,,,0,1800,"WS-C2960-8TC-L","RF","http://www.cisco.com/c/en/us/products/collateral/switches/catalyst-2960-series-switches/product_data_sheet0900aecd80322c0c.html",,,,,,,,,,,,,,,,
"Cisco","Switch","OK",2016,2,"LAN Base","2 x Dual",2960,"WS-C2960C-12PC-L",12,,,124,3200,"WS-C2960C-12PC-L",1239,"http://www.cisco.com/c/en/us/products/collateral/switches/catalyst-2960-c-series-switches/data_sheet_c78-639705.html",,,,,,,,,,,,,,,,
"Cisco","Switch","OK",2016,2,"LAN Base","2 x SFP",2960,"WS-C2960+24TC-L",24,,,0,4400,"WS-C2960+24TC-L",1364,"http://www.cisco.com/c/en/us/products/collateral/switches/catalyst-2960-plus-series-switches/data_sheet_c78-728003.html",,,,,,,,,,,,,,,,
"Cisco","Switch","OK",2016,2,"LAN Base","2 x SFP",2960,"WS-C2960CX-8PC-L",8,,,124,2800,"WS-C2960CX-8PC-L",1416,"http://www.cisco.com/c/en/us/products/collateral/switches/catalyst-3560-cx-series-switches/datasheet-c78-733229.html",,,,,,,,,,,,,,,,
"Cisco","Switch","OK",2016,3,"IP Base","2 x SFP",3560,"WS-C3560CX-8TC-S",8,,,0,10000,"WS-C3560CX-8TC-S",1445,"http://www.cisco.com/c/en/us/products/collateral/switches/catalyst-3560-cx-series-switches/datasheet-c78-733229.html",,,,,,,,,,,,,,,,
"Cisco","Switch","EoL",2016,2,"LAN Base","2 x SFP",2960,"WS-C2960CG-8TC-L",8,,,0,10000,"WS-C2960CG-8TC-L",1250,"http://www.cisco.com/c/en/us/products/collateral/switches/catalyst-2960-c-series-switches/data_sheet_c78-639705.html",,,,,,,,,,,,,,,,
"Cisco","Switch","OK",2016,2,"LAN Base","2 x SFP",2960,"WS-C2960+24LC-L",24,,,123,6800,"WS-C2960+24LC-L",1575,"http://www.cisco.com/c/en/us/products/collateral/switches/catalyst-2960-plus-series-switches/data_sheet_c78-728003.html",,,,,,,,,,,,,,,,
"Cisco","Switch","OK",2016,3,"IP Base","2 x SFP",3560,"WS-C3560CX-8PT-S",8,,,146,10000,"WS-C3560CX-8PT-S",1779,"http://www.cisco.com/c/en/us/products/collateral/switches/catalyst-3560-cx-series-switches/datasheet-c78-733229.html",,,,,,,,,,,,,,,,
"Cisco","Switch","OK",2016,3,"IP Base","2 x SFP",3560,"WS-C3560CX-8PC-S",8,,,240,10000,"WS-C3560CX-8PC-S",1785,"http://www.cisco.com/c/en/us/products/collateral/switches/catalyst-3560-cx-series-switches/datasheet-c78-733229.html",,,,,,,,,,,,,,,,
"Cisco","Switch","OK",2016,3,"IP Services","2 x Dual",3560,"WS-C3560CX-12TC-S",12,,,0,10000,"WS-C3560CX-12TC-S",1845,"http://www.cisco.com/c/en/us/products/collateral/switches/catalyst-3560-cx-series-switches/datasheet-c78-733229.html",,,,,,,,,,,,,,,,
"Cisco","Switch","EoL",2016,2,"LAN Base","4 x SFP",2960,"WS-C2960G-24TC-L",24,,,0,24000,"WS-C2960G-24TC-L","RF","http://www.cisco.com/c/en/us/products/collateral/switches/catalyst-2960-series-switches/product_data_sheet0900aecd80322c0c.html",,,,,,,,,,,,,,,,
"Cisco","Switch","EoL",2016,2,"LAN Base","1 x SFP",2960,"WS-C2960G-48TC-L",48,,,0,48000,"WS-C2960G-48TC-L","RF","http://www.cisco.com/c/en/us/products/collateral/switches/catalyst-2960-series-switches/product_data_sheet0900aecd80322c0c.html",,,,,,,,,,,,,,,,1
"Cisco","Switch","EoL",2016,2,"LAN Base","1 x SFP",2960,"WS-C2960G-8TC-L",8,,,0,1800,"WS-C2960G-8TC-L","RF","http://www.cisco.com/c/en/us/products/collateral/switches/catalyst-2960-series-switches/product_data_sheet0900aecd80322c0c.html",,,,,,,,,,,,,,,,
"Cisco","Switch","EoL",2016,2,"LAN Base","NONE",2960,"WS-C2960PD-8TT-L",8,,,0,1800,"WS-C2960PD-8TT-L","RF","http://www.cisco.com/c/en/us/products/collateral/switches/catalyst-2960-series-switches/product_data_sheet0900aecd80322c0c.html",,,,,,,,,,,,,,,,
"Cisco","Switch","EoL",2016,2,"LAN Base","2 x SFP+",2960,"WS-C2960S-24PD-L",24,,,370,44000,"WS-C2960S-24PD-L",5055,"http://www.cisco.com/c/en/us/products/collateral/switches/catalyst-2960-series-switches/product_data_sheet0900aecd80322c0c.html",,,,,,,,,,,,,,,,
"Cisco","Switch","EoL",2016,2,"LAN Base","2 x SFP",2960,"WS-C2960S-24PS-L",24,,,370,26000,"WS-C2960S-24PS-L",3515,"http://www.cisco.com/c/en/us/products/collateral/switches/catalyst-2960-series-switches/product_data_sheet0900aecd80322c0c.html",,,,,,,,,,,,,,,,
"Cisco","Switch","EoL",2016,2,"LAN Base","2 x SFP+",2960,"WS-C2960S-24TD-L",24,,,0,26000,"WS-C2960S-24TD-L",4175,"http://www.cisco.com/c/en/us/products/collateral/switches/catalyst-2960-series-switches/product_data_sheet0900aecd80322c0c.html",,,,,,,,,,,,,,,,
"Cisco","Switch","EoL",2016,2,"LAN Base","2 x SFP+",2960,"WS-C2960S-48FPD-L",48,,,740,68000,"WS-C2960S-48FPD-L",8795,"http://www.cisco.com/c/en/us/products/collateral/switches/catalyst-2960-series-switches/product_data_sheet0900aecd80322c0c.html",,,,,,,,,,,,,,,,
"Cisco","Switch","EoL",2016,2,"LAN Base","2 x SFP",2960,"WS-C2960S-48FPS-L",48,,,740,50000,"WS-C2960S-48FPS-L",7255,"http://www.cisco.com/c/en/us/products/collateral/switches/catalyst-2960-series-switches/product_data_sheet0900aecd80322c0c.html",,,,,,,,,,,,,,,,
"Cisco","Switch","EoL",2016,2,"LAN Base","2 x SFP+",2960,"WS-C2960S-48LPD-L",48,,,370,68000,"WS-C2960S-48LPD-L",7695,"http://www.cisco.com/c/en/us/products/collateral/switches/catalyst-2960-series-switches/product_data_sheet0900aecd80322c0c.html",,,,,,,,,,,,,,,,
"Cisco","Switch","EoL",2016,2,"LAN Base","2 x SFP",2960,"WS-C2960S-48LPS-L",48,,,370,50000,"WS-C2960S-48LPS-L",6155,"http://www.cisco.com/c/en/us/products/collateral/switches/catalyst-2960-series-switches/product_data_sheet0900aecd80322c0c.html",,,,,,,,,,,,,,,,
"Cisco","Switch","EoL",2016,2,"LAN Base","2 x SFP+",2960,"WS-C2960S-48TD-L",48,,,0,50000,"WS-C2960S-48TD-L",6155,"http://www.cisco.com/c/en/us/products/collateral/switches/catalyst-2960-series-switches/product_data_sheet0900aecd80322c0c.html",,,,,,,,,,,,,,,,
"Cisco","Switch","EoL",2016,2,"LAN Base","2 x SFP",2960,"WS-C2960S-48TS-L",48,,,0,50000,"WS-C2960S-48TS-L",4615,"http://www.cisco.com/c/en/us/products/collateral/switches/catalyst-2960-series-switches/product_data_sheet0900aecd80322c0c.html",,,,,,,,,,,,,,,,
"Cisco","Switch","OK",2016,2,"LAN Lite","2 x SFP",2960,"WS-C2960+24PC-S",24,,,370,6800,"WS-C2960+24PC-S",1890,"http://www.cisco.com/c/en/us/products/collateral/switches/catalyst-2960-plus-series-switches/data_sheet_c78-728003.html",,,,,,,,,,,,,,,,
"Meraki","Switch","OK",2016,2,"LAN Base","4 x SFP","MS-220","MS-220-24P",24,,,370,28000,"MS220-24P-HW",3064,"https://meraki.cisco.com/products/switches/ms220-24#tech-specs",,,,,,,,,,,,,,,,
"Cisco","Switch","OK",2017,2,"LAN Base","4 x SFP",2960,"WS-C2960X-24TS-L",24,,,0,28000,"WS-C2960X-24TS-L",2517,"http://www.cisco.com/c/en/us/products/collateral/switches/catalyst-2960-x-series-switches/data_sheet_c78-728232.html",,,,,,,,,,,,,,,,
"Cisco","Switch","OK",2017,2,"LAN Lite","2 x SFP",2960,"WS-C2960X-24TS-LL",24,,,0,26000,"WS-C2960X-24TS-LL",1895,"http://www.cisco.com/c/en/us/products/collateral/switches/catalyst-2960-x-series-switches/data_sheet_c78-728232.html",,,,,,,,,,,,,,,,
"Cisco","Switch","OK",2016,3,"IP Services","2 x Dual",3560,"WS-C3560C-12PC-S",12,,,124,3200,"WS-C3560C-12PC-S",2000,"http://www.cisco.com/c/en/us/products/collateral/switches/catalyst-2960-c-series-switches/data_sheet_c78-639705.html",,,,,,,,,,,,,,,,
"Cisco","Switch","OK",2016,3,"IP Base","2 x SFP",3560,"WS-C3560CX-12PC-S",12,,,240,14000,"WS-C3560CX-12PC-S",2205,"http://www.cisco.com/c/en/us/products/collateral/switches/catalyst-3560-cx-series-switches/datasheet-c78-733229.html",,,,,,,,,,,,,,,,
"Cisco","Switch","OK",2016,3,"IP Base","2 x SFP+",3560,"WS-C3560CX-8XPD-S",6,,,240,8000,"WS-C3560CX-8XPD-S",2395,"http://www.cisco.com/c/en/us/products/collateral/switches/catalyst-3560-cx-series-switches/datasheet-c78-733229.html",,,,,,,,,,,,,,,,
"Cisco","Switch","OK",2016,3,"IP Base","2 x SFP+",3560,"WS-C3560CX-12PD-S",12,,,240,14000,"WS-C3560CX-12PD-S",2522,"http://www.cisco.com/c/en/us/products/collateral/switches/catalyst-3560-cx-series-switches/datasheet-c78-733229.html",,,,,,,,,,,,,,,,
"Cisco","Switch","OK",2016,2,"LAN Base","2 x SFP",2960,"WS-C2960+24PC-L",24,,,370,6800,"WS-C2960+24PC-L",2627,"http://www.cisco.com/c/en/us/products/collateral/switches/catalyst-2960-plus-series-switches/data_sheet_c78-728003.html",,,,,,,,,,,,,,,,
"Cisco","Switch","OK",2016,2,"LAN Base","2 x SFP",2960,"WS-C2960X-24PSQ-L",24,,,110,26000,"WS-C2960X-24PSQ-L",3195,"http://www.cisco.com/c/en/us/products/collateral/switches/catalyst-2960-x-series-switches/data_sheet_c78-728232.html",,,,,,,,,,,,,,,,
"Cisco","Switch","OK",2016,2,"LAN Lite","2 x SFP",2960,"WS-C2960+48PST-S",48,,,370,50000,"WS-C2960+48PST-S",3259,"http://www.cisco.com/c/en/us/products/collateral/switches/catalyst-2960-plus-series-switches/data_sheet_c78-728003.html",,,,,,,,,,,,,,,,
"Cisco","Switch","OK",2016,2,"LAN Base","4 x SFP",2960,"WS-C2960X-24PS-L",24,,,370,28000,"WS-C2960X-24PS-L",3363,"http://www.cisco.com/c/en/us/products/collateral/switches/catalyst-2960-x-series-switches/data_sheet_c78-728232.html",,,,,,,,,,,,,,,,
"Cisco","Switch","OK",2017,2,"LAN Lite","2 x SFP",2960,"WS-C2960X-48TS-LL",48,,,0,50000,"WS-C2960X-48TS-LL",3395,"http://www.cisco.com/c/en/us/products/collateral/switches/catalyst-2960-x-series-switches/data_sheet_c78-728232.html",,,,,,,,,,,,,,,,
"Cisco","Switch","OK",2015,2,"LAN Base","4 x SFP",3650,"WS-C3650-24TS-L",24,,,0,28000,"WS-C3650-24TS-L",3400,"http://www.cisco.com/c/en/us/products/collateral/switches/catalyst-3650-series-switches/data_sheet_c78-729449.html",,,,,,,,,,,,,,,,
"Cisco","Switch","OK",2016,2,"LAN Base","4 x SFP",3650,"WS-C3650-24TS-L ÿÿ",24,,,0,28000,"WS-C3650-24TS-L ÿÿ",3400,"http://www.cisco.com/c/en/us/products/collateral/switches/catalyst-3650-series-switches/data_sheet_c78-729449.html",,,,,,,,,,,,,,,,
"Cisco","Switch","OK",2016,2,"LAN Base","2 x SFP+",2960,"WS-C2960X-24TD-L",24,,,0,26000,"WS-C2960X-24TD-L",3795,"http://www.cisco.com/c/en/us/products/collateral/switches/catalyst-2960-x-series-switches/data_sheet_c78-728232.html",,,,,,,,,,,,,,,,
"Cisco","Switch","OK",2016,2,"LAN Base","4 x SFP",3650,"WS-C3650-24PS-L",24,,,390,28000,"WS-C3650-24PS-L",4200,"http://www.cisco.com/c/en/us/products/collateral/switches/catalyst-3650-series-switches/data_sheet_c78-729449.html",,,,,,,,,,,,,,,,
"Cisco","Switch","OK",2017,2,"LAN Base","4 x SFP",2960,"WS-C2960X-48TS-L",48,,,0,52000,"WS-C2960X-48TS-L",4417,"http://www.cisco.com/c/en/us/products/collateral/switches/catalyst-2960-x-series-switches/data_sheet_c78-728232.html",,,,,,,,,,,,,,,,
"Cisco","Switch","OK",2016,3,"IP Lite","4 x SFP",2960,"WS-C2960XR-24TS-I",24,,,0,26000,"WS-C2960XR-24TS-I",4495,"http://www.cisco.com/c/en/us/products/collateral/switches/catalyst-2960-x-series-switches/data_sheet_c78-728232.html",,,,,,,,,,,,,,,,
"Cisco","Switch","OK",2016,2,"LAN Base","2 x SFP+",2960,"WS-C2960+48PST-L",48,,,370,50000,"WS-C2960+48PST-L",4523,"http://www.cisco.com/c/en/us/products/collateral/switches/catalyst-2960-plus-series-switches/data_sheet_c78-728003.html",,,,,,,,,,,,,,,,
"Cisco","Switch","OK",2015,3,"IP Base","4 x SFP",3650,"WS-C3650-24TS-S",24,,,0,28000,"WS-C3650-24TS-S",4528,"http://www.cisco.com/c/en/us/products/collateral/switches/catalyst-3650-series-switches/data_sheet_c78-729449.html",,,,,,,,,,,,,,,,
"Cisco","Switch","OK",2016,2,"LAN Base","2 x SFP+",2960,"WS-C2960X-24PD-L",24,,,370,26000,"WS-C2960X-24PD-L",4838,"http://www.cisco.com/c/en/us/products/collateral/switches/catalyst-2960-x-series-switches/data_sheet_c78-728232.html",,,,,,,,,,,,,,,,
"Cisco","Switch","OK",2015,2,"LAN Base","2 x SFP+",3650,"WS-C3650-24TD-L",24,,,0,26000,"WS-C3650-24TD-L",4900,"http://www.cisco.com/c/en/us/products/collateral/switches/catalyst-3650-series-switches/data_sheet_c78-729449.html",,,,,,,,,,,,,,,,
"Cisco","Switch","OK",2016,2,"LAN Base","NONE",3850,"WS-C3850-24T-L",24,,,0,24000,"WS-C3850-24T-L",5200,"http://www.cisco.com/c/en/us/products/collateral/switches/catalyst-3850-series-switches/data_sheet_c78-720918.html",,,,,,,,,,,,,,,,
"Cisco","Switch","EoL",2013,3,"IP Base","1 x SFP",3560,"WS-C3560-12PC-S",12,,,124,2200,"WS-C3560-12PC-S","RF","http://www.cisco.com/c/en/us/products/collateral/switches/catalyst-3560-series-switches/product_data_sheet09186a00801f3d7d.html",,,,,,,,,,,,,,,,
"Cisco","Switch","EoL",2010,3,"IP Services","2 x SFP",3560,"WS-C3560-24PS-E",24,,,370,4400,"WS-C3560-24PS-E","?","http://www.cisco.com/c/en/us/products/collateral/switches/catalyst-3560-series-switches/product_data_sheet09186a00801f3d7d.html",,,,,,,,,,,,,,,,
"Cisco","Switch","EoL",2010,3,"IP Base","2 x SFP",3560,"WS-C3560-24PS-S",24,,,370,8800,"WS-C3560-24PS-S","?","http://www.cisco.com/c/en/us/products/collateral/switches/catalyst-3560-series-switches/product_data_sheet09186a00801f3d7d.html",,,,,,,,,,,,,,,,
"Cisco","Switch","EoL",2010,3,"IP Base","2 x SFP",3560,"WS-C3560-24TS-E",24,,,0,4400,"WS-C3560-24TS-E","?","http://www.cisco.com/c/en/us/products/collateral/switches/catalyst-3560-series-switches/product_data_sheet09186a00801f3d7d.html",,,,,,,,,,,,,,,,
"Cisco","Switch","EoL",2010,3,"IP Base","2 x SFP",3560,"WS-C3560-24TS-S",24,,,0,4400,"WS-C3560-24TS-S","?","http://www.cisco.com/c/en/us/products/collateral/switches/catalyst-3560-series-switches/product_data_sheet09186a00801f3d7d.html",,,,,,,,,,,,,,,,
"Cisco","Switch","EoL",2010,3,"IP Services","4 x SFP",3560,"WS-C3560-48PS-E",48,,,370,8800,"WS-C3560-48PS-E","?","http://www.cisco.com/c/en/us/products/collateral/switches/catalyst-3560-series-switches/product_data_sheet09186a00801f3d7d.html",,,,,,,,,,,,,,,,
"Cisco","Switch","EoL",2010,3,"IP Base","4 x SFP",3560,"WS-C3560-48PS-S",48,,,370,8800,"WS-C3560-48PS-S","?","http://www.cisco.com/c/en/us/products/collateral/switches/catalyst-3560-series-switches/product_data_sheet09186a00801f3d7d.html",,,,,,,,,,,,,,,,
"Cisco","Switch","EoL",2010,3,"IP Services","4 x SFP",3560,"WS-C3560-48TS-E",48,,,0,8800,"WS-C3560-48TS-E","?","http://www.cisco.com/c/en/us/products/collateral/switches/catalyst-3560-series-switches/product_data_sheet09186a00801f3d7d.html",,,,,,,,,,,,,,,,
"Cisco","Switch","EoL",2010,3,"IP Base","4 x SFP",3560,"WS-C3560-48TS-S",48,,,0,8800,"WS-C3560-48TS-S","?","http://www.cisco.com/c/en/us/products/collateral/switches/catalyst-3560-series-switches/product_data_sheet09186a00801f3d7d.html",,,,,,,,,,,,,,,,
"Cisco","Switch","EoL",2016,3,"IP Base","2 x Dual",3560,"WS-C3560-8PC-S",8,,,124,9000,"WS-C3560-8PC-S","RF","http://www.cisco.com/c/en/us/products/collateral/switches/catalyst-3560-series-switches/product_data_sheet09186a00801f3d7d.html",,,,,,,,,,,,,,,,
"Cisco","Switch","OK",2016,3,"IP Lite","4 x SFP",2960,"WS-C2960XR-24PS-I",24,,,370,28000,"WS-C2960XR-24PS-I",5365,"http://www.cisco.com/c/en/us/products/collateral/switches/catalyst-2960-x-series-switches/data_sheet_c78-728232.html",,,,,,,,,,,,,,,,
"Cisco","Switch","EoL",2016,3,"IP Base","2 x Dual",3560,"WS-C3560C-8PC-S",8,,,124,2800,"WS-C3560C-8PC-S",1600,"http://www.cisco.com/c/en/us/products/collateral/switches/catalyst-2960-c-series-switches/data_sheet_c78-639705.html",,,,,,,,,,,,,,,,
"Cisco","Switch","EoL",2016,3,"IP Base","2 x Dual",3560,"WS-C3560CG-8PC-S",8,,,124,10000,"WS-C3560CG-8PC-S",2050,"http://www.cisco.com/c/en/us/products/collateral/switches/catalyst-2960-c-series-switches/data_sheet_c78-639705.html",,,,,,,,,,,,,,,,
"Cisco","Switch","EoL",2016,2,"LAN Base","2 x SFP",3560,"WS-C3560CG-8TC-S",8,,,0,10000,"WS-C3560CG-8TC-S",1700,"http://www.cisco.com/c/en/us/products/collateral/switches/catalyst-2960-c-series-switches/data_sheet_c78-639705.html",,,,,,,,,,,,,,,,
"Cisco","Switch","EoL",2016,3,"IP Base","2 x SFP",3560,"WS-C3560CPD-8PT-S",8,,,23.8,10000,"WS-C3560CPD-8PT-S",1950,"http://www.cisco.com/c/en/us/products/collateral/switches/catalyst-2960-c-series-switches/data_sheet_c78-639705.html",,,,,,,,,,,,,,,,
"Cisco","Switch","OK",2016,3,"IP Base","4 x SFP",3650,"WS-C3650-24PS-S",24,,,390,28000,"WS-C3650-24PS-S",5370,"http://www.cisco.com/c/en/us/products/collateral/switches/catalyst-3650-series-switches/data_sheet_c78-729449.html",,,,,,,,,,,,,,,,
"Cisco","Switch","OK",2016,2,"LAN Base","4 x SFP",2960,"WS-C2960X-48LPS-L",48,,,370,52000,"WS-C2960X-48LPS-L",5595,"http://www.cisco.com/c/en/us/products/collateral/switches/catalyst-2960-x-series-switches/data_sheet_c78-728232.html",,,,,,,,,,,,,,,,
"Cisco","Switch","OK",2016,2,"LAN Base","2 x SFP+",2960,"WS-C2960X-48TD-L",48,,,0,26000,"WS-C2960X-48TD-L",5595,"http://www.cisco.com/c/en/us/products/collateral/switches/catalyst-2960-x-series-switches/data_sheet_c78-728232.html",,,,,,,,,,,,,,,,
"Cisco","Switch","OK",2016,2,"LAN Base","2 x SFP+",3650,"WS-C3650-24PD-L",24,,,390,24000,"WS-C3650-24PD-L",5700,"http://www.cisco.com/c/en/us/products/collateral/switches/catalyst-3650-series-switches/data_sheet_c78-729449.html",,,,,,,,,,,,,,,,
"Cisco","Switch","OK",2015,3,"IP Base","2 x SFP+",3650,"WS-C3650-24TD-S",24,,,0,26000,"WS-C3650-24TD-S",5800,"http://www.cisco.com/c/en/us/products/collateral/switches/catalyst-3650-series-switches/data_sheet_c78-729449.html",,,,,,,,,,,,,,,,
"Cisco","Switch","OK",2016,3,"IP Lite","2 x SFP+",2960,"WS-C2960XR-24TD-I",24,,,0,26000,"WS-C2960XR-24TD-I",5895,"http://www.cisco.com/c/en/us/products/collateral/switches/catalyst-2960-x-series-switches/data_sheet_c78-728232.html",,,,,,,,,,,,,,,,
"Cisco","Switch","OK",2016,2,"LAN Base","NONE",3850,"WS-C3850-24P-L",24,,,0,24000,"WS-C3850-24P-L",6000,"http://www.cisco.com/c/en/us/products/collateral/switches/catalyst-3850-series-switches/data_sheet_c78-720918.html",,,,,,,,,,,,,,,,
"Cisco","Switch","EoL",2016,3,"IP Services","4 x SFP",3560,"WS-C3560G-24PS-E",24,,,370,28000,"WS-C3560G-24PS-E","RF","http://www.cisco.com/c/en/us/products/collateral/switches/catalyst-3560-series-switches/product_data_sheet09186a00801f3d7d.html",,,,,,,,,,,,,,,,
"Cisco","Switch","EoL",2016,3,"IP Base","4 x SFP",3560,"WS-C3560G-24PS-S",24,,,370,28000,"WS-C3560G-24PS-S","RF","http://www.cisco.com/c/en/us/products/collateral/switches/catalyst-3560-series-switches/product_data_sheet09186a00801f3d7d.html",,,,,,,,,,,,,,,,
"Cisco","Switch","EoL",2016,3,"IP Services","4 x SFP",3560,"WS-C3560G-24TS-E",24,,,0,28000,"WS-C3560G-24TS-E","RF","http://www.cisco.com/c/en/us/products/collateral/switches/catalyst-3560-series-switches/product_data_sheet09186a00801f3d7d.html",,,,,,,,,,,,,,,,
"Cisco","Switch","EoL",2016,3,"IP Base","4 x SFP",3560,"WS-C3560G-24TS-S",24,,,0,28000,"WS-C3560G-24TS-S","RF","http://www.cisco.com/c/en/us/products/collateral/switches/catalyst-3560-series-switches/product_data_sheet09186a00801f3d7d.html",,,,,,,,,,,,,,,,
"Cisco","Switch","EoL",2016,3,"IP Services","4 x SFP",3560,"WS-C3560G-48PS-E",48,,,370,52000,"WS-C3560G-48PS-E","RF","http://www.cisco.com/c/en/us/products/collateral/switches/catalyst-3560-series-switches/product_data_sheet09186a00801f3d7d.html",,,,,,,,,,,,,,,,
"Cisco","Switch","EoL",2016,3,"IP Base","4 x SFP",3560,"WS-C3560G-48PS-S",48,,,370,52000,"WS-C3560G-48PS-S","RF","http://www.cisco.com/c/en/us/products/collateral/switches/catalyst-3560-series-switches/product_data_sheet09186a00801f3d7d.html",,,,,,,,,,,,,,,,
"Cisco","Switch","EoL",2016,3,"IP Services","4 x SFP",3560,"WS-C3560G-48TS-E",48,,,0,52000,"WS-C3560G-48TS-E","RF","http://www.cisco.com/c/en/us/products/collateral/switches/catalyst-3560-series-switches/product_data_sheet09186a00801f3d7d.html",,,,,,,,,,,,,,,,
"Cisco","Switch","EoL",2016,3,"IP Base","4 x SFP",3560,"WS-C3560G-48TS-S",48,,,0,52000,"WS-C3560G-48TS-S","RF","http://www.cisco.com/c/en/us/products/collateral/switches/catalyst-3560-series-switches/product_data_sheet09186a00801f3d7d.html",,,,,,,,,,,,,,,,
"Cisco","Switch","EoL",2016,3,"IP Services","2 x SFP",3560,"WS-C3560V2-24PS-E",24,,,370,4400,"WS-C3560V2-24PS-E",6390,"http://www.cisco.com/c/en/us/products/collateral/switches/catalyst-3560-series-switches/data_sheet_c78-530976.html",,,,,,,,,,,,,,,,
"Cisco","Switch","EoL",2016,3,"IP Base","2 x SFP",3560,"WS-C3560V2-24PS-S",24,,,370,4400,"WS-C3560V2-24PS-S",4195,"http://www.cisco.com/c/en/us/products/collateral/switches/catalyst-3560-series-switches/data_sheet_c78-530976.html",,,,,,,,,,,,,,,,
"Cisco","Switch","EoL",2016,3,"IP Services","2 x SFP",3560,"WS-C3560V2-24TS-E",24,,,0,4400,"WS-C3560V2-24TS-E",5490,"http://www.cisco.com/c/en/us/products/collateral/switches/catalyst-3560-series-switches/data_sheet_c78-530976.html",,,,,,,,,,,,,,,,
"Cisco","Switch","EoL",2016,3,"IP Base","2 x SFP",3560,"WS-C3560V2-24TS-SD",24,,,0,4400,"WS-C3560V2-24TS-SD",3845,"http://www.cisco.com/c/en/us/products/collateral/switches/catalyst-3560-series-switches/data_sheet_c78-530976.html",,,,,,,,,,,,,,,,
"Cisco","Switch","EoL",2016,3,"IP Base","4 x SFP",3560,"WS-C3560V2-48PS-S",48,,,370,8800,"WS-C3560V2-48PS-S",6995,"http://www.cisco.com/c/en/us/products/collateral/switches/catalyst-3560-series-switches/data_sheet_c78-530976.html",,,,,,,,,,,,,,,,
"Cisco","Switch","EoL",2016,3,"IP Base","4 x SFP",3560,"WS-C3560V2-48PS-S",48,,,370,8800,"WS-C3560V2-48PS-S",6995,"http://www.cisco.com/c/en/us/products/collateral/switches/catalyst-3560-series-switches/data_sheet_c78-530976.html",,,,,,,,,,,,,,,,
"Cisco","Switch","EoL",2016,3,"IP Base","4 x SFP",3560,"WS-C3560V2-48PS-SM",48,,,370,8800,"WS-C3560V2-48PS-SM","?","http://www.cisco.com/c/en/us/products/collateral/switches/catalyst-3560-series-switches/data_sheet_c78-530976.html",,,,,,,,,,,,,,,,
"Cisco","Switch","EoL",2016,3,"IP Services","4 x SFP",3560,"WS-C3560V2-48TS-E",48,,,0,8800,"WS-C3560V2-48TS-E",7690,"http://www.cisco.com/c/en/us/products/collateral/switches/catalyst-3560-series-switches/data_sheet_c78-530976.html",,,,,,,,,,,,,,,,
"Cisco","Switch","EoL",2016,3,"IPB Image","4 x SFP",3560,"WS-C3560V2-48TS-S",48,,,0,8800,"WS-C3560V2-48TS-S",5760,"http://www.cisco.com/c/en/us/products/collateral/switches/catalyst-3750-x-series-switches/data_sheet_c78-584733.html",,,,,,,,,,,,,,,,
"Cisco","Switch","EoL",2016,3,"IP Services","NONE",3560,"WS-C3560X-24P-E",24,,,435,24000,"WS-C3560X-24P-E",10500,"http://www.cisco.com/c/en/us/products/collateral/switches/catalyst-3750-x-series-switches/data_sheet_c78-584733.html",,,,,,,,,,,,,,,,
"Cisco","Switch","EoL",2016,2,"LAN Base","NONE",3560,"WS-C3560X-24P-L",24,,,370,28000,"WS-C3560X-24P-L",5022,"http://www.cisco.com/c/en/us/products/collateral/switches/catalyst-3750-x-series-switches/data_sheet_c78-584733.html",,,,,,,,,,,,,,,,
"Cisco","Switch","EoL",2016,3,"IP Base","NONE",3560,"WS-C3560X-24P-S",24,,,370,28000,"WS-C3560X-24P-S",6170,"http://www.cisco.com/c/en/us/products/collateral/switches/catalyst-3750-x-series-switches/data_sheet_c78-584733.html",,,,,,,,,,,,,,,,
"Cisco","Switch","EoL",2016,3,"IP Services","NONE",3560,"WS-C3560X-24T-E",24,,,0,24000,"WS-C3560X-24T-E",9500,"http://www.cisco.com/c/en/us/products/collateral/switches/catalyst-3750-x-series-switches/data_sheet_c78-584733.html",,,,,,,,,,,,,,,,
"Cisco","Switch","EoL",2016,2,"LAN Base","NONE",3560,"WS-C3560X-24T-L",24,,,0,24000,"WS-C3560X-24T-L",3900,"http://www.cisco.com/c/en/us/products/collateral/switches/catalyst-3750-x-series-switches/data_sheet_c78-584733.html",,,,,,,,,,,,,,,,
"Cisco","Switch","EoL",2016,3,"IP Base","NONE",3560,"WS-C3560X-24T-S",24,,,0,24000,"WS-C3560X-24T-S",4900,"http://www.cisco.com/c/en/us/products/collateral/switches/catalyst-3750-x-series-switches/data_sheet_c78-584733.html",,,,,,,,,,,,,,,,
"Cisco","Switch","EoL",2016,3,"IP Services","NONE",3560,"WS-C3560X-24U-E",24,,,800,24000,"WS-C3560X-24U-E",11400,"http://www.cisco.com/c/en/us/products/collateral/switches/catalyst-3750-x-series-switches/data_sheet_c78-584733.html",,,,,,,,,,,,,,,,
"Cisco","Switch","EoL",2016,2,"LAN Base","NONE",3560,"WS-C3560X-24U-L",24,,,800,24000,"WS-C3560X-24U-L",5800,"http://www.cisco.com/c/en/us/products/collateral/switches/catalyst-3750-x-series-switches/data_sheet_c78-584733.html",,,,,,,,,,,,,,,,
"Cisco","Switch","EoL",2016,3,"IP Base","NONE",3560,"WS-C3560X-24U-S",24,,,800,24000,"WS-C3560X-24U-S",6800,"http://www.cisco.com/c/en/us/products/collateral/switches/catalyst-3750-x-series-switches/data_sheet_c78-584733.html",,,,,,,,,,,,,,,,
"Cisco","Switch","EoL",2016,3,"IP Services","NONE",3560,"WS-C3560X-48P-E",48,,,435,48000,"WS-C3560X-48P-E",15000,"http://www.cisco.com/c/en/us/products/collateral/switches/catalyst-3750-x-series-switches/data_sheet_c78-584733.html",,,,,,,,,,,,,,,,
"Cisco","Switch","EoL",2016,3,"IP Services","NONE",3560,"WS-C3560X-48PF-E",48,,,800,48000,"WS-C3560X-48PF-E",16100,"http://www.cisco.com/c/en/us/products/collateral/switches/catalyst-3750-x-series-switches/data_sheet_c78-584733.html",,,,,,,,,,,,,,,,
"Cisco","Switch","EoL",2016,2,"LAN Base","NONE",3560,"WS-C3560X-48PF-L",48,,,740,52000,"WS-C3560X-48PF-L",10356,"http://www.cisco.com/c/en/us/products/collateral/switches/catalyst-3750-x-series-switches/data_sheet_c78-584733.html",,,,,,,,,,,,,,,,
"Cisco","Switch","EoL",2016,2,"LAN Base","NONE",3560,"WS-C3560X-48PF-L",48,,,740,52000,"WS-C3560X-48PF-L",10356,"http://www.cisco.com/c/en/us/products/collateral/switches/catalyst-3750-x-series-switches/data_sheet_c78-584733.html",,,,,,,,,,,,,,,,
"Cisco","Switch","EoL",2016,3,"IP Base","NONE",3560,"WS-C3560X-48PF-S",48,,,740,52000,"WS-C3560X-48PF-S",12031,"http://www.cisco.com/c/en/us/products/collateral/switches/catalyst-3750-x-series-switches/data_sheet_c78-584733.html",,,,,,,,,,,,,,,,
"Cisco","Switch","EoL",2016,2,"LAN Base","NONE",3560,"WS-C3560X-48P-L",48,,,370,52000,"WS-C3560X-48P-L",9104,"http://www.cisco.com/c/en/us/products/collateral/switches/catalyst-3750-x-series-switches/data_sheet_c78-584733.html",,,,,,,,,,,,,,,,
"Cisco","Switch","EoL",2016,3,"IP Base","NONE",3560,"WS-C3560X-48P-S",48,,,370,52000,"WS-C3560X-48P-S",10877,"http://www.cisco.com/c/en/us/products/collateral/switches/catalyst-3750-x-series-switches/data_sheet_c78-584733.html",,,,,,,,,,,,,,,,
"Cisco","Switch","EoL",2016,3,"IP Base","NONE",3560,"WS-C3560X-48P-S",48,,,370,52000,"WS-C3560X-48P-S",10877,"http://www.cisco.com/c/en/us/products/collateral/switches/catalyst-3750-x-series-switches/data_sheet_c78-584733.html",,,,,,,,,,,,,,,,
"Cisco","Switch","EoL",2016,3,"IP Services","NONE",3560,"WS-C3560X-48T-E",48,,,0,48000,"WS-C3560X-48T-E",13200,"http://www.cisco.com/c/en/us/products/collateral/switches/catalyst-3750-x-series-switches/data_sheet_c78-584733.html",,,,,,,,,,,,,,,,
"Cisco","Switch","EoL",2016,2,"LAN Base","NONE",3560,"WS-C3560X-48T-L",48,,,0,48000,"WS-C3560X-48T-L",7000,"http://www.cisco.com/c/en/us/products/collateral/switches/catalyst-3750-x-series-switches/data_sheet_c78-584733.html",,,,,,,,,,,,,,,,
"Cisco","Switch","EoL",2016,3,"IP Base","NONE",3560,"WS-C3560X-48T-S",48,,,0,48000,"WS-C3560X-48T-S",8600,"http://www.cisco.com/c/en/us/products/collateral/switches/catalyst-3750-x-series-switches/data_sheet_c78-584733.html",,,,,,,,,,,,,,,,
"Cisco","Switch","EoL",2016,3,"IP Services","NONE",3560,"WS-C3560X-48U-E",48,,,800,48000,"WS-C3560X-48U-E",16700,"http://www.cisco.com/c/en/us/products/collateral/switches/catalyst-3750-x-series-switches/data_sheet_c78-584733.html",,,,,,,,,,,,,,,,
"Cisco","Switch","EoL",2016,2,"LAN Base","NONE",3560,"WS-C3560X-48U-L",48,,,800,48000,"WS-C3560X-48U-L",10500,"http://www.cisco.com/c/en/us/products/collateral/switches/catalyst-3750-x-series-switches/data_sheet_c78-584733.html",,,,,,,,,,,,,,,,
"Cisco","Switch","EoL",2016,3,"IP Base","NONE",3560,"WS-C3560X-48U-S",48,,,800,48000,"WS-C3560X-48U-S",12100,"http://www.cisco.com/c/en/us/products/collateral/switches/catalyst-3750-x-series-switches/data_sheet_c78-584733.html",,,,,,,,,,,,,,,,
"Meraki","Switch","OK",2016,3,"IP Base","4 x SFP+","MS-320","MS-320-24P",24,,,370,28000,"MS320-24P-HW",5279,"https://meraki.cisco.com/products/switches/ms320-24#tech-specs",,,,,,,,,,,,,,,,
"Cisco","Switch","OK",2016,3,"IP Base","4 x SFP",3650,"WS-C3650-24PWS-S",24,,,390,28000,"WS-C3650-24PWS-S",6007,"http://www.cisco.com/c/en/us/products/collateral/switches/catalyst-3650-series-switches/data_sheet_c78-729449.html",,,,,,,,,,,,,,,,
"Cisco","Switch","OK",2016,2,"LAN Base","4 x SFP",3650,"WS-C3650-48TS-L",48,,,0,52000,"WS-C3650-48TS-L",6100,"http://www.cisco.com/c/en/us/products/collateral/switches/catalyst-3650-series-switches/data_sheet_c78-729449.html",,,,,,,,,,,,,,,,
"Cisco","Switch","OK",2015,2,"LAN Base","NONE",3850,"WS-C3850-24U-L",24,,,800,24000,"WS-C3850-24U-L",6500,"http://www.cisco.com/c/en/us/products/collateral/switches/catalyst-3850-series-switches/data_sheet_c78-720918.html",,,,,,,,,,,,,,,,
"Cisco","Switch","OK",2016,3,"IP Base","NONE",3850,"WS-C3850-24T-S",24,,,0,24000,"WS-C3850-24T-S",6500,"http://www.cisco.com/c/en/us/products/collateral/switches/catalyst-3850-series-switches/data_sheet_c78-720918.html",,,,,,,,,,,,,,,,
"Cisco","Switch","OK",2016,3,"IP Lite","2 x SFP+",2960,"WS-C2960XR-24PD-I",24,,,370,26000,"WS-C2960XR-24PD-I",6839,"http://www.cisco.com/c/en/us/products/collateral/switches/catalyst-2960-x-series-switches/data_sheet_c78-728232.html",,,,,,,,,,,,,,,,
"Cisco","Switch","OK",2016,2,"LAN Base","4 x SFP",2960,"WS-C2960X-48FPS-L",48,,,740,52000,"WS-C2960X-48FPS-L",6944,"http://www.cisco.com/c/en/us/products/collateral/switches/catalyst-2960-x-series-switches/data_sheet_c78-728232.html",,,,,,,,,,,,,,,,
"Meraki","Switch","OK",2016,3,"IP Base","4 x SFP+","MS-350","MS-350-24P",24,,,370,28000,"MS350-24P-HW",6864,"https://meraki.cisco.com/products/switches/ms350-24",,,,,,,,,,,,,,,,
"Cisco","Switch","OK",2016,3,"IP Base","2 x SFP+",3650,"WS-C3650-24PD-S",24,,,390,24000,"WS-C3650-24PDM-S",6950,"http://www.cisco.com/c/en/us/products/collateral/switches/catalyst-3650-series-switches/data_sheet_c78-729449.html",,,,,,,,,,,,,,,,
"Cisco","Switch","OK",2016,3,"IP Lite","4 x SFP",2960,"WS-C2960XR-48TS-I",48,,,0,52000,"WS-C2960XR-48TS-I",7295,"http://www.cisco.com/c/en/us/products/collateral/switches/catalyst-2960-x-series-switches/data_sheet_c78-728232.html",,,,,,,,,,,,,,,,
"Cisco","Switch","OK",2015,3,"IP Base","NONE",3850,"WS-C3850-24P-S",24,,,715,24000,"WS-C3850-24P-S",7300,"http://www.cisco.com/c/en/us/products/collateral/switches/catalyst-3850-series-switches/data_sheet_c78-720918.html",,,,,,,,,,,,,,,,
"Cisco","Switch","OK",2016,2,"LAN Base","2 x SFP+",2960,"WS-C2960X-48LPD-L",48,,,370,50000,"WS-C2960X-48LPD-L",7366,"http://www.cisco.com/c/en/us/products/collateral/switches/catalyst-2960-x-series-switches/data_sheet_c78-728232.html",,,,,,,,,,,,,,,,
"Cisco","Switch","OK",2016,2,"LAN Base","2 x SFP+",2960,"WS-C2960X-48LPD-L",48,,,370,50000,"WS-C2960X-48LPD-L",7366,"http://www.cisco.com/c/en/us/products/collateral/switches/catalyst-2960-x-series-switches/data_sheet_c78-728232.html",,,,,,,,,,,,,,,,
"Cisco","Switch","OK",2016,2,"LAN Base","4 x SFP",3650,"WS-C3650-48PS-L",48,,,390,52000,"WS-C3650-48PS-L",7600,"http://www.cisco.com/c/en/us/products/collateral/switches/catalyst-3650-series-switches/data_sheet_c78-729449.html",,,,,,,,,,,,,,,,
"Cisco","Switch","OK",2016,2,"LAN Base","2 x SFP+",3650,"WS-C3650-48TD-L",48,,,0,50000,"WS-C3650-48TD-L",7600,"http://www.cisco.com/c/en/us/products/collateral/switches/catalyst-3650-series-switches/data_sheet_c78-729449.html",,,,,,,,,,,,,,,,
"Cisco","Switch","OK",2015,3,"IP Services","4 x SFP",3650,"WS-C3650-24TS-E",24,,,0,28000,"WS-C3650-24TS-E",7800,"http://www.cisco.com/c/en/us/products/collateral/switches/catalyst-3650-series-switches/data_sheet_c78-729449.html",,,,,,,,,,,,,,,,
"Cisco","Switch","OK",2015,3,"IP Base","NONE",3850,"WS-C3850-24U-S",24,,,800,24000,"WS-C3850-24U-S",7800,"http://www.cisco.com/c/en/us/products/collateral/switches/catalyst-3850-series-switches/data_sheet_c78-720918.html",,,,,,,,,,,,,,,,
"Cisco","Switch","OK",2016,3,"IP Services","4 x SFP",3650,"WS-C3650-48TS-S",48,,,0,52000,"WS-C3650-48TS-S",8319,"http://www.cisco.com/c/en/us/products/collateral/switches/catalyst-3650-series-switches/data_sheet_c78-729449.html",,,,,,,,,,,,,,,,
"Cisco","Switch","OK",2016,2,"LAN Base","2 x SFP+",2960,"WS-C2960X-48FPD-L",48,,,740,50000,"WS-C2960X-48FPD-L",8419,"http://www.cisco.com/c/en/us/products/collateral/switches/catalyst-2960-x-series-switches/data_sheet_c78-728232.html",,,,,,,,,,,,,,,,
"Cisco","Switch","OK",2016,2,"LAN Base","2 x SFP+",2960,"WS-C2960XR-48FPD-I",48,,,740,50000,"WS-C2960XR-48FPD-I",8419,"http://www.cisco.com/c/en/us/products/collateral/switches/catalyst-2960-x-series-switches/data_sheet_c78-728232.html",,,,,,,,,,,,,,,,
"Cisco","Switch","OK",2016,2,"LAN Base","4 x SFP",3650,"WS-C3650-48FS-L",48,,,775,52000,"WS-C3650-48FS-L",8600,"http://www.cisco.com/c/en/us/products/collateral/switches/catalyst-3650-series-switches/data_sheet_c78-729449.html",,,,,,,,,,,,,,,,
"Cisco","Switch","OK",2016,2,"LAN Base","4 x SFP+",3650,"WS-C3650-48TQ-L",48,,,0,52000,"WS-C3650-48TQ-L",8600,"http://www.cisco.com/c/en/us/products/collateral/switches/catalyst-3650-series-switches/data_sheet_c78-729449.html",,,,,,,,,,,,,,,,
"Cisco","Switch","OK",2016,3,"IP Services","4 x SFP",3650,"WS-C3650-24PS-E",24,,,390,28000,"WS-C3650-24PDM-E",8600,"http://www.cisco.com/c/en/us/products/collateral/switches/catalyst-3650-series-switches/data_sheet_c78-729449.html",,,,,,,,,,,,,,,,
"Cisco","Switch","OK",2016,3,"IP Lite","2 x SFP+",2960,"WS-C2960XR-48TD-I",48,,,0,50000,"WS-C2960XR-48TD-I",8695,"http://www.cisco.com/c/en/us/products/collateral/switches/catalyst-2960-x-series-switches/data_sheet_c78-728232.html",,,,,,,,,,,,,,,,
"Cisco","Switch","OK",2016,2,"LAN Base","NONE",3850,"WS-C3850-48T-L",48,,,0,48000,"WS-C3850-48T-L",8900,"http://www.cisco.com/c/en/us/products/collateral/switches/catalyst-3850-series-switches/data_sheet_c78-720918.html",,,,,,,,,,,,,,,,
"Cisco","Switch","OK",2016,2,"LAN Base","2 x SFP+",3650,"WS-C3650-48PD-L",48,,,435,52000,"WS-C3650-48PD-L",9100,"http://www.cisco.com/c/en/us/products/collateral/switches/catalyst-3650-series-switches/data_sheet_c78-729449.html",,,,,,,,,,,,,,,,
"Cisco","Switch","OK",2016,3,"IP Lite","4 x SFP+",2960,"WS-C2960XR-48LPS-I",48,,,370,52000,"WS-C2960XR-48LPS-I",9157,"http://www.cisco.com/c/en/us/products/collateral/switches/catalyst-2960-x-series-switches/data_sheet_c78-728232.html",,,,,,,,,,,,,,,,
"Cisco","Switch","OK",2015,3,"IP Services","4 x SFP",3650,"WS-C3650-24TD-E",24,,,0,26000,"WS-C3650-24TD-E",9300,"http://www.cisco.com/c/en/us/products/collateral/switches/catalyst-3650-series-switches/data_sheet_c78-729449.html",,,,,,,,,,,,,,,,
"Cisco","Switch","OK",2016,3,"IP Base","2 x SFP+",3650,"WS-C3650-48TD-S",48,,,0,50000,"WS-C3650-48TD-S",9400,"http://www.cisco.com/c/en/us/products/collateral/switches/catalyst-3650-series-switches/data_sheet_c78-729449.html",,,,,,,,,,,,,,,,
"Cisco","Switch","OK",2016,3,"IP Base","4 x SFP",3650,"WS-C3650-48PS-S",48,,,390,52000,"WS-C3650-48PS-S",9898,"http://www.cisco.com/c/en/us/products/collateral/switches/catalyst-3650-series-switches/data_sheet_c78-729449.html",,,,,,,,,,,,,,,,
"Cisco","Switch","OK",2016,3,"IP Base","NONE",3850,"WS-C3850-12S-S",12,,,0,12000,"WS-C3850-12S-S",10000,"http://www.cisco.com/c/en/us/products/collateral/switches/catalyst-3850-series-switches/data_sheet_c78-720918.html",,,,,,,,,,,,,,,,
"Cisco","Switch","OK",2016,2,"LAN Base","2 x SFP+",3650,"WS-C3650-48FD-L",48,,,775,52000,"WS-C3650-48FD-L",10100,"http://www.cisco.com/c/en/us/products/collateral/switches/catalyst-3650-series-switches/data_sheet_c78-729449.html",,,,,,,,,,,,,,,,
"Cisco","Switch","OK",2016,2,"LAN Base","4 x SFP+",3650,"WS-C3650-48PQ-L",48,,,390,52000,"WS-C3650-48PQ-L",10100,"http://www.cisco.com/c/en/us/products/collateral/switches/catalyst-3650-series-switches/data_sheet_c78-729449.html",,,,,,,,,,,,,,,,
"Cisco","Switch","OK",2016,3,"IP Services","2 x SFP+",3650,"WS-C3650-24PD-E",24,,,390,24000,"WS-C3650-24PD-E",10100,"http://www.cisco.com/c/en/us/products/collateral/switches/catalyst-3650-series-switches/data_sheet_c78-729449.html",,,,,,,,,,,,,,,,
"Cisco","Switch","OK",2016,2,"LAN Base","NONE",3850,"WS-C3850-48P-L",48,,,435,48000,"WS-C3850-48P-L",10400,"http://www.cisco.com/c/en/us/products/collateral/switches/catalyst-3850-series-switches/data_sheet_c78-720918.html",,,,,,,,,,,,,,,,
"Cisco","Switch","OK",2016,3,"IP Services","4 x SFP+",3650,"WS-C3650-48TQ-S",48,,,0,52000,"WS-C3650-48TQ-S",10400,"http://www.cisco.com/c/en/us/products/collateral/switches/catalyst-3650-series-switches/data_sheet_c78-729449.html",,,,,,,,,,,,,,,,
"Cisco","Switch","OK",2016,3,"IP Services","NONE",3850,"WS-C3850-24T-E",24,,,0,24000,"WS-C3850-24T-E",10500,"http://www.cisco.com/c/en/us/products/collateral/switches/catalyst-3850-series-switches/data_sheet_c78-720918.html",,,,,,,,,,,,,,,,
"Cisco","Switch","OK",2016,3,"IP Lite","2 x SFP+",2960,"WS-C2960XR-48LPD-I",48,,,370,50000,"WS-C2960XR-48LPD-I",10630,"http://www.cisco.com/c/en/us/products/collateral/switches/catalyst-2960-x-series-switches/data_sheet_c78-728232.html",,,,,,,,,,,,,,,,
"Cisco","Switch","OK",2016,3,"IP Base","2 x SFP+",3650,"WS-C3650-48PD-S",48,,,435,52000,"WS-C3650-48PD-S",10900,"http://www.cisco.com/c/en/us/products/collateral/switches/catalyst-3650-series-switches/data_sheet_c78-729449.html",,,,,,,,,,,,,,,,
"Cisco","Switch","OK",2016,3,"IP Base","4 x SFP",3650,"WS-C3650-48FS-S",48,,,775,52000,"WS-C3650-48FS-S",10952,"http://www.cisco.com/c/en/us/products/collateral/switches/catalyst-3650-series-switches/data_sheet_c78-729449.html",,,,,,,,,,,,,,,,
"Cisco","Switch","OK",2015,2,"LAN Base","NONE",3850,"WS-C3850-48F-L",48,,,1100,48000,"WS-C3850-48F-L",11400,"http://www.cisco.com/c/en/us/products/collateral/switches/catalyst-3850-series-switches/product_bulletin_c25-720777.html",,,,,,,,,,,,,,,,
"Cisco","Switch","OK",2016,2,"LAN Base","NONE",3850,"WS-C3850-48U-L",48,,,800,48000,"WS-C3850-48U-L",11400,"http://www.cisco.com/c/en/us/products/collateral/switches/catalyst-3850-series-switches/data_sheet_c78-720918.html",,,,,,,,,,,,,,,,
"Cisco","Switch","OK",2016,3,"IP Base","NONE",3850,"WS-C3850-48T-S",48,,,0,48000,"WS-C3850-48T-S",11500,"http://www.cisco.com/c/en/us/products/collateral/switches/catalyst-3850-series-switches/data_sheet_c78-720918.html",,,,,,,,,,,,,,,,
"Cisco","Switch","OK",2016,3,"IP Lite","4 x SFP",2960,"WS-C2960XR-48FPS-I",48,,,740,52000,"WS-C2960XR-48FPS-I",11684,"http://www.cisco.com/c/en/us/products/collateral/switches/catalyst-2960-x-series-switches/data_sheet_c78-728232.html",,,,,,,,,,,,,,,,
"Cisco","Switch","OK",2016,2,"LAN Base","4 x SFP+",3650,"WS-C3650-48FQ-L",48,,,775,52000,"WS-C3650-48FQ-L",11689,"http://www.cisco.com/c/en/us/products/collateral/switches/catalyst-3650-series-switches/data_sheet_c78-729449.html",,,,,,,,,,,,,,,,
"Cisco","Switch","OK",2015,3,"IP Services","NONE",3850,"WS-C3850-24P-E",24,,,435,24000,"WS-C3850-24P-E",11899,"http://www.cisco.com/c/en/us/products/collateral/switches/catalyst-3850-series-switches/data_sheet_c78-720918.html",,,,,,,,,,,,,,,,
"Cisco","Switch","OK",2016,3,"IP Base","4 x SFP+",3650,"WS-C3650-48PQ-S",48,,,390,52000,"WS-C3650-48PQ-S",11900,"http://www.cisco.com/c/en/us/products/collateral/switches/catalyst-3650-series-switches/data_sheet_c78-729449.html",,,,,,,,,,,,,,,,
"Cisco","Switch","EoL",2016,3,"IP Services","NONE",3750,"WS-C3750X-12S-E",12,,,0,12000,"WS-C3750X-12S-E",16100,"http://www.cisco.com/c/en/us/products/collateral/switches/catalyst-3750-x-series-switches/data_sheet_c78-584733.html",,,,,,,,,,,,,,,,
"Cisco","Switch","EoL",2016,3,"IP Base","NONE",3750,"WS-C3750X-12S-S",12,,,0,12000,"WS-C3750X-12S-S",11500,"http://www.cisco.com/c/en/us/products/collateral/switches/catalyst-3750-x-series-switches/data_sheet_c78-584733.html",,,,,,,,,,,,,,,,
"Cisco","Switch","EoL",2016,3,"IP Services","NONE",3750,"WS-C3750X-24P-E",24,,,435,24000,"WS-C3750X-24P-E",13000,"http://www.cisco.com/c/en/us/products/collateral/switches/catalyst-3750-x-series-switches/data_sheet_c78-584733.html",,,,,,,,,,,,,,,,
"Cisco","Switch","EoL",2016,2,"LAN Base","NONE",3750,"WS-C3750X-24P-L",24,,,435,24000,"WS-C3750X-24P-L",6900,"http://www.cisco.com/c/en/us/products/collateral/switches/catalyst-3750-x-series-switches/data_sheet_c78-584733.html",,,,,,,,,,,,,,,,
"Cisco","Switch","EoL",2016,3,"IP Base","NONE",3750,"WS-C3750X-24P-S",24,,,435,24000,"WS-C3750X-24P-S",8400,"http://www.cisco.com/c/en/us/products/collateral/switches/catalyst-3750-x-series-switches/data_sheet_c78-584733.html",,,,,,,,,,,,,,,,
"Cisco","Switch","EoL",2016,3,"IP Services","NONE",3750,"WS-C3750X-24S-E",24,,,0,24000,"WS-C3750X-24S-E",34500,"http://www.cisco.com/c/en/us/products/collateral/switches/catalyst-3750-x-series-switches/data_sheet_c78-584733.html",,,,,,,,,,,,,,,,
"Cisco","Switch","EoL",2016,3,"IP Base","NONE",3750,"WS-C3750X-24S-S",24,,,0,24000,"WS-C3750X-24S-S",23000,"http://www.cisco.com/c/en/us/products/collateral/switches/catalyst-3750-x-series-switches/data_sheet_c78-584733.html",,,,,,,,,,,,,,,,
"Cisco","Switch","EoL",2016,3,"IP Services","NONE",3750,"WS-C3750X-24T-E",24,,,0,24000,"WS-C3750X-24T-E",12100,"http://www.cisco.com/c/en/us/products/collateral/switches/catalyst-3750-x-series-switches/data_sheet_c78-584733.html",,,,,,,,,,,,,,,,
"Cisco","Switch","EoL",2016,2,"LAN Base","NONE",3750,"WS-C3750X-24T-L",24,,,0,24000,"WS-C3750X-24T-L",6000,"http://www.cisco.com/c/en/us/products/collateral/switches/catalyst-3750-x-series-switches/data_sheet_c78-584733.html",,,,,,,,,,,,,,,,
"Cisco","Switch","EoL",2016,3,"IP Base","NONE",3750,"WS-C3750X-24T-S",24,,,0,24000,"WS-C3750X-24T-S",7500,"http://www.cisco.com/c/en/us/products/collateral/switches/catalyst-3750-x-series-switches/data_sheet_c78-584733.html",,,,,,,,,,,,,,,,
"Cisco","Switch","EoL",2016,3,"IP Services","NONE",3750,"WS-C3750X-24U-E",24,,,800,24000,"WS-C3750X-24U-E",13900,"http://www.cisco.com/c/en/us/products/collateral/switches/catalyst-3750-x-series-switches/data_sheet_c78-584733.html",,,,,,,,,,,,,,,,
"Cisco","Switch","EoL",2016,2,"LAN Base","NONE",3750,"WS-C3750X-24U-L",24,,,800,24000,"WS-C3750X-24U-L",7800,"http://www.cisco.com/c/en/us/products/collateral/switches/catalyst-3750-x-series-switches/data_sheet_c78-584733.html",,,,,,,,,,,,,,,,
"Cisco","Switch","EoL",2016,3,"IP Base","NONE",3750,"WS-C3750X-24U-S",24,,,800,24000,"WS-C3750X-24U-S",9300,"http://www.cisco.com/c/en/us/products/collateral/switches/catalyst-3750-x-series-switches/data_sheet_c78-584733.html",,,,,,,,,,,,,,,,
"Cisco","Switch","EoL",2016,3,"IP Services","NONE",3750,"WS-C3750X-48P-E",48,,,370,52000,"WS-C3750X-48P-E",24890,"http://www.cisco.com/c/en/us/products/collateral/switches/catalyst-3750-x-series-switches/data_sheet_c78-584733.html",,,,,,,,,,,,,,,,
"Cisco","Switch","EoL",2016,3,"IP Services","NONE",3750,"WS-C3750X-48PF-E",48,,,740,52000,"WS-C3750X-48PF-E",26043,"http://www.cisco.com/c/en/us/products/collateral/switches/catalyst-3750-x-series-switches/data_sheet_c78-584733.html",,,,,,,,,,,,,,,,
"Cisco","Switch","EoL",2016,2,"LAN Base","NONE",3750,"WS-C3750X-48PF-L",48,,,800,48000,"WS-C3750X-48PF-L",13100,"http://www.cisco.com/c/en/us/products/collateral/switches/catalyst-3750-x-series-switches/data_sheet_c78-584733.html",,,,,,,,,,,,,,,,
"Cisco","Switch","EoL",2016,3,"IP Base","NONE",3750,"WS-C3750X-48PF-S",48,,,800,48000,"WS-C3750X-48PF-S",16100,"http://www.cisco.com/c/en/us/products/collateral/switches/catalyst-3750-x-series-switches/data_sheet_c78-584733.html",,,,,,,,,,,,,,,,
"Cisco","Switch","EoL",2016,2,"LAN Base","NONE",3750,"WS-C3750X-48P-L",48,,,435,48000,"WS-C3750X-48P-L",1200,"http://www.cisco.com/c/en/us/products/collateral/switches/catalyst-3750-x-series-switches/data_sheet_c78-584733.html",,,,,,,,,,,,,,,,
"Cisco","Switch","EoL",2016,3,"IP Base","NONE",3750,"WS-C3750X-48P-S",48,,,435,48000,"WS-C3750X-48P-S",15000,"http://www.cisco.com/c/en/us/products/collateral/switches/catalyst-3750-x-series-switches/data_sheet_c78-584733.html",,,,,,,,,,,,,,,,
"Cisco","Switch","EoL",2016,3,"IP Services","NONE",3750,"WS-C3750X-48T-E",48,,,0,48000,"WS-C3750X-48T-E",22400,"http://www.cisco.com/c/en/us/products/collateral/switches/catalyst-3750-x-series-switches/data_sheet_c78-584733.html",,,,,,,,,,,,,,,,
"Cisco","Switch","EoL",2016,2,"LAN Base","NONE",3750,"WS-C3750X-48T-L",48,,,0,48000,"WS-C3750X-48T-L",10200,"http://www.cisco.com/c/en/us/products/collateral/switches/catalyst-3750-x-series-switches/data_sheet_c78-584733.html",,,,,,,,,,,,,,,,
"Cisco","Switch","EoL",2016,3,"IP Base","NONE",3750,"WS-C3750X-48T-S",48,,,0,48000,"WS-C3750X-48T-S",13200,"http://www.cisco.com/c/en/us/products/collateral/switches/catalyst-3750-x-series-switches/data_sheet_c78-584733.html",,,,,,,,,,,,,,,,
"Cisco","Switch","EoL",2016,3,"IP Services","NONE",3750,"WS-C3750X-48U-E",48,,,800,48000,"WS-C3750X-48U-E",25900,"http://www.cisco.com/c/en/us/products/collateral/switches/catalyst-3750-x-series-switches/data_sheet_c78-584733.html",,,,,,,,,,,,,,,,
"Cisco","Switch","EoL",2016,2,"LAN Base","NONE",3750,"WS-C3750X-48U-L",48,,,800,48000,"WS-C3750X-48U-L",13700,"http://www.cisco.com/c/en/us/products/collateral/switches/catalyst-3750-x-series-switches/data_sheet_c78-584733.html",,,,,,,,,,,,,,,,
"Cisco","Switch","EoL",2016,3,"IP Base","NONE",3750,"WS-C3750X-48U-S",48,,,800,48000,"WS-C3750X-48U-S",16700,"http://www.cisco.com/c/en/us/products/collateral/switches/catalyst-3750-x-series-switches/data_sheet_c78-584733.html",,,,,,,,,,,,,,,,
"Cisco","Switch","OK",2016,3,"IP Services","NONE",3850,"WS-C3850-12S-E",12,,,0,12000,"WS-C3850-12S-E",12000,"http://www.cisco.com/c/en/us/products/collateral/switches/catalyst-3850-series-switches/data_sheet_c78-720918.html",,,,,,,,,,,,,,,,
"Cisco","Switch","OK",2015,3,"IP Services","NONE",3850,"WS-C3850-24U-E",24,,,800,24000,"WS-C3850-24U-E",12425,"http://www.cisco.com/c/en/us/products/collateral/switches/catalyst-3850-series-switches/data_sheet_c78-720918.html",,,,,,,,,,,,,,,,
"Meraki","Switch","OK",2016,3,"IP Base","4 x SFP+","MS-350","MS-350-24X",24,,,740,432000,"MS350-24X-HW",7974,"https://meraki.cisco.com/products/switches/ms350-24x",,,,,,,,,,,,,,,,
"Cisco","Switch","OK",2016,2,"LAN Base","NONE",3850,"WS-C3850-12X48U-L",48,,,800,48000,"WS-C3850-12X48U-L",12500,"http://www.cisco.com/c/en/us/products/collateral/switches/catalyst-3850-series-switches/data_sheet_c78-720918.html",,,,,,,,,,,,,,,,
"Cisco","Switch","OK",2015,2,"LAN Base","NONE",3850,"WS-C3850-24XU-L",24,,,580,240000,"WS-C3850-24XU-L",12500,"http://www.cisco.com/c/en/us/products/collateral/switches/catalyst-3850-series-switches/data_sheet_c78-720918.html",,,,,,,,,,,,,,,,
"Cisco","Switch","OK",2016,3,"IP Base","2 x SFP+",3650,"WS-C3650-48FD-S",48,,,775,52000,"WS-C3650-48FD-S",12532,"http://www.cisco.com/c/en/us/products/collateral/switches/catalyst-3650-series-switches/data_sheet_c78-729449.html",,,,,,,,,,,,,,,,
"Cisco","Switch","OK",2016,3,"IP Base","4 x SFP+",3650,"WS-C3650-48FQ-S",48,,,775,52000,"WS-C3650-48FQ-S",12900,"http://www.cisco.com/c/en/us/products/collateral/switches/catalyst-3650-series-switches/data_sheet_c78-729449.html",,,,,,,,,,,,,,,,
"Cisco","Switch","OK",2015,3,"IP Base","NONE",3850,"WS-C3850-48P-S",48,,,435,48000,"WS-C3850-48P-S",13000,"http://www.cisco.com/c/en/us/products/collateral/switches/catalyst-3850-series-switches/data_sheet_c78-720918.html",,,,,,,,,,,,,,,,
"Cisco","Switch","OK",2016,3,"IP Base","4 x SFP+",3650,"WS-C3650-48FQM-S",48,,,775,52000,"WS-C3650-48FQM-S",13372,"http://www.cisco.com/c/en/us/products/collateral/switches/catalyst-3650-series-switches/data_sheet_c78-729449.html",,,,,,,,,,,,,,,,
"Cisco","Switch","OK",2016,3,"IP Base","NONE",3850,"WS-C3850-12XS-S",12,,,0,12000,"WS-C3850-12XS-S",13500,"http://www.cisco.com/c/en/us/products/collateral/switches/catalyst-3850-series-switches/data_sheet_c78-720918.html",,,,,,,,,,,,,,,,
"Cisco","Switch","OK",2015,3,"IP Base","NONE",3850,"WS-C3850-24XU-S",24,,,800,240000,"WS-C3850-24XU-S",13900,"http://www.cisco.com/c/en/us/products/collateral/switches/catalyst-3850-series-switches/data_sheet_c78-720918.pdf",,,,,,,,,,,,,,,,
"Cisco","Switch","OK",2015,3,"IP Base","NONE",3850,"WS-C3850-48F-S",48,,,800,52000,"WS-C3850-48F-S",14000,"http://www.cisco.com/c/en/us/products/collateral/switches/catalyst-3650-series-switches/data_sheet_c78-729449.html",,,,,,,,,,,,,,,,
"Cisco","Switch","OK",2015,3,"IP Base","NONE",3850,"WS-C3850-48U-S",48,,,800,52000,"WS-C3850-48U-S",14743,"http://www.cisco.com/c/en/us/products/collateral/switches/catalyst-3850-series-switches/data_sheet_c78-720918.html",,,,,,,,,,,,,,,,
"Cisco","Switch","OK",2016,3,"IP Base","4 x SFP",3650,"WS-C3650-48TS-E",48,,,0,52000,"WS-C3650-48TS-E",14900,"http://www.cisco.com/c/en/us/products/collateral/switches/catalyst-3650-series-switches/data_sheet_c78-729449.html",,,,,,,,,,,,,,,,
"Cisco","Switch","OK",2016,3,"IP Base","NONE",3850,"WS-C3850-12X48U-S",48,,,800,48000,"WS-C3850-12X48U-S",15300,"http://www.cisco.com/c/en/us/products/collateral/switches/catalyst-3850-series-switches/data_sheet_c78-720918.html",,,,,,,,,,,,,,,,
"Cisco","Switch","OK",2016,3,"IP Services","NONE",3850,"WS-C3850-12XS-E",12,,,0,12000,"WS-C3850-12XS-E",15500,"http://www.cisco.com/c/en/us/products/collateral/switches/catalyst-3850-series-switches/data_sheet_c78-720918.html",,,,,,,,,,,,,,,,
"Cisco","Switch","OK",2016,3,"IP Services","2 x SFP+",3650,"WS-C3650-48TD-E",48,,,0,50000,"WS-C3650-48TD-E",16400,"http://www.cisco.com/c/en/us/products/collateral/switches/catalyst-3650-series-switches/data_sheet_c78-729449.html",,,,,,,,,,,,,,,,
"Cisco","Switch","OK",2016,3,"IP Services","4 x SFP",3650,"WS-C3650-48PS-E",48,,,390,52000,"WS-C3650-48PS-E",16400,"http://www.cisco.com/c/en/us/products/collateral/switches/catalyst-3650-series-switches/data_sheet_c78-729449.html",,,,,,,,,,,,,,,,
"Cisco","Switch","OK",2016,3,"IP Base","4 x SFP+",3650,"WS-C3650-48TQ-E",48,,,0,52000,"WS-C3650-48TQ-E",17400,"http://www.cisco.com/c/en/us/products/collateral/switches/catalyst-3650-series-switches/data_sheet_c78-729449.html",,,,,,,,,,,,,,,,
"Cisco","Switch","OK",2016,3,"IP Services","4 x SFP",3650,"WS-C3650-48FS-E",48,,,775,52000,"WS-C3650-48FS-E",17400,"http://www.cisco.com/c/en/us/products/collateral/switches/catalyst-3650-series-switches/data_sheet_c78-729449.html",,,,,,,,,,,,,,,,
"Cisco","Switch","OK",2016,3,"IP Services","2 x SFP+",3650,"WS-C3650-48PD-E",48,,,435,52000,"WS-C3650-48PD-E",17900,"http://www.cisco.com/c/en/us/products/collateral/switches/catalyst-3650-series-switches/data_sheet_c78-729449.html",,,,,,,,,,,,,,,,
"Cisco","Switch","OK",2015,3,"IP Services","NONE",3850,"WS-C3850-24XU-E",24,,,580,240000,"WS-C3850-24XU-E",18850,"http://www.cisco.com/c/en/us/products/collateral/switches/catalyst-3850-series-switches/data_sheet_c78-720918.html",,,,,,,,,,,,,,,,
"Cisco","Switch","OK",2016,3,"IP Services","2 x SFP+",3650,"WS-C3650-48FD-E",48,,,775,52000,"WS-C3650-48FD-E",18900,"http://www.cisco.com/c/en/us/products/collateral/switches/catalyst-3650-series-switches/data_sheet_c78-729449.html",,,,,,,,,,,,,,,,
"Cisco","Switch","OK",2016,3,"IP Services","4 x SFP+",3650,"WS-C3650-48PQ-E",48,,,390,52000,"WS-C3650-48PQ-E",18900,"http://www.cisco.com/c/en/us/products/collateral/switches/catalyst-3650-series-switches/data_sheet_c78-729449.html",,,,,,,,,,,,,,,,
"Cisco","Switch","OK",2016,3,"IP Services","NONE",3850,"WS-C3850-48T-E",48,,,0,48000,"WS-C3850-48T-E",19500,"http://www.cisco.com/c/en/us/products/collateral/switches/catalyst-3850-series-switches/data_sheet_c78-720918.html",,,,,,,,,,,,,,,,
"Cisco","Switch","OK",2016,3,"IP Services","4 x SFP+",3650,"WS-C3650-48FQ-E",48,,,775,52000,"WS-C3650-48FQ-E",19900,"http://www.cisco.com/c/en/us/products/collateral/switches/catalyst-3650-series-switches/data_sheet_c78-729449.html",,,,,,,,,,,,,,,,
"Cisco","Switch","OK",2016,3,"IP Base","NONE",3850,"WS-C3850-24S-S",24,,,0,24000,"WS-C3850-24S-S",20000,"http://www.cisco.com/c/en/us/products/collateral/switches/catalyst-3850-series-switches/data_sheet_c78-720918.html",,,,,,,,,,,,,,,,
"Cisco","Switch","OK",2016,3,"IP Services","4 x SFP+",3650,"WS-C3650-48FQM-E",48,,,775,52000,"WS-C3650-48FQM-E",20628,"http://www.cisco.com/c/en/us/products/collateral/switches/catalyst-3650-series-switches/data_sheet_c78-729449.html",,,,,,,,,,,,,,,,
"Cisco","Switch","OK",2016,3,"IP Base","NONE",3850,"WS-C3850-24XS-S",24,,,0,24000,"WS-C3850-24XS-S",21000,"http://www.cisco.com/c/en/us/products/collateral/switches/catalyst-3850-series-switches/data_sheet_c78-720918.html",,,,,,,,,,,,,,,,
"Cisco","Switch","OK",2015,3,"IP Services","NONE",3850,"WS-C3850-48P-E",48,,,435,48000,"WS-C3850-48P-E",22114,"http://www.cisco.com/c/en/us/products/collateral/switches/catalyst-3850-series-switches/product_bulletin_c25-720777.html",,,,,,,,,,,,,,,,
"Cisco","Switch","OK",2015,3,"IP Services","NONE",3850,"WS-C3850-48F-E",48,,,1100,48000,"WS-C3850-48F-E",23167,"http://www.cisco.com/c/en/us/products/collateral/switches/catalyst-3850-series-switches/product_bulletin_c25-720777.html",,,,,,,,,,,,,,,,
"Cisco","Switch","OK",2015,3,"IP Services","NONE",3850,"WS-C3850-48U-E",48,,,800,48000,"WS-C3850-48U-E",23167,"http://www.cisco.com/c/en/us/products/collateral/switches/catalyst-3850-series-switches/product_bulletin_c25-720777.html",,,,,,,,,,,,,,,,
"Cisco","Switch","OK",2016,3,"IP Services","NONE",3850,"WS-C3850-12X48U-E",48,,,800,48000,"WS-C3850-12X48U-E",23500,"http://www.cisco.com/c/en/us/products/collateral/switches/catalyst-3850-series-switches/data_sheet_c78-720918.html",,,,,,,,,,,,,,,,
"Cisco","Switch","OK",2016,3,"IP Services","NONE",3850,"WS-C3850-24S-E",24,,,0,24000,"WS-C3850-24S-E",24000,"http://www.cisco.com/c/en/us/products/collateral/switches/catalyst-3850-series-switches/data_sheet_c78-720918.html",,,,,,,,,,,,,,,,
"Cisco","Switch","OK",2016,3,"IP Services","NONE",3850,"WS-C3850-24XS-E",24,,,0,24000,"WS-C3850-24XS-E",25000,"http://www.cisco.com/c/en/us/products/collateral/switches/catalyst-3850-series-switches/data_sheet_c78-720918.html",,,,,,,,,,,,,,,,
"Cisco","Switch","OK",2016,3,"IP Base","NONE",3850,"WS-C3850-48XS-S",48,,,0,48000,"WS-C3850-48XS-S",26500,"http://www.cisco.com/c/en/us/products/collateral/switches/catalyst-3850-series-switches/data_sheet_c78-720918.html",,,,,,,,,,,,,,,,
"Cisco","Switch","OK",2016,3,"IP Base","NONE",3850,"WS-C3850-48XS-F-S",48,,,0,48000,"WS-C3850-48XS-F-S",26500,"http://www.cisco.com/c/en/us/products/collateral/switches/catalyst-3850-series-switches/data_sheet_c78-720918.html",,,,,,,,,,,,,,,,
"Cisco","Switch","OK",2016,3,"IP Services","NONE",3850,"WS-C3850-48XS-E",48,,,0,48000,"WS-C3850-48XS-E",34500,"http://www.cisco.com/c/en/us/products/collateral/switches/catalyst-3850-series-switches/data_sheet_c78-720918.html",,,,,,,,,,,,,,,,
"Cisco","Switch","OK",2016,3,"IP Services","NONE",3850,"WS-C3850-48XS-F-E",48,,,0,48000,"WS-C3850-48XS-F-E",34500,"http://www.cisco.com/c/en/us/products/collateral/switches/catalyst-3850-series-switches/data_sheet_c78-720918.html",,,,,,,,,,,,,,,,
"Cisco","Switch","OK",2016,"-","-","-",6500,"WS-6504-E",354,,,0,1272000,"WS-6504-E",36136,"http://www.cisco.com/c/en/us/products/collateral/switches/catalyst-6500-series-switches/data_sheet_c78-708665.html",,,,,,,,,,,,,,,,
"Meraki","Switch","OK",2016,2,"LAN Base","4 x SFP","MS-220","MS-220-48FP",48,,,720,52000,"MS220-48FP-HW",6294,"https://meraki.cisco.com/products/switches/ms220-48#tech-specs",,,,,,,,,,,,,,,,
"Meraki","Switch","OK",2016,2,"LAN Base","4 x SFP","MS-220","MS-220-48LP",48,,,370,52000,"MS220-48LP-HW",5344,"https://meraki.cisco.com/products/switches/ms220-48#tech-specs",,,,,,,,,,,,,,,,
"Meraki","Switch","OK",2016,2,"LAN Base","2 x SFP","MS-220","MS-220-8P",8,,,124,10000,"MS220-8P-HW",1354,"https://meraki.cisco.com/products/switches/ms220-8#tech-specs",,,,,,,,,,,,,,,,
"Cisco","Switch","OK",2016,"-","-","-",6500,"WS-6509-V-E",934,,,0,2144000,"WS-6509-V-E",48744,"http://www.cisco.com/c/en/us/products/collateral/switches/catalyst-6500-series-switches/data_sheet_c78-708665.html",,,,,,,,,,,,,,,,
"Meraki","Switch","OK",2016,3,"IP Base","4 x SFP+","MS-320","MS-320-48FP",48,,,740,52000,"MS320-48FP-HW",8984,"https://meraki.cisco.com/products/switches/ms320-48",,,,,,,,,,,,,,,,
"Meraki","Switch","OK",2016,3,"IP Base","4 x SFP+","MS-320","MS-320-48LP",48,,,370,52000,"MS320-48LP-HW",8184,"https://meraki.cisco.com/products/switches/ms320-48",,,,,,,,,,,,,,,,
"Cisco","Switch","OK",2016,"-","-","-",6500,"WS-6513-E",1287,,,0,4623000,"WS-6513-E",56730,"http://www.cisco.com/c/en/us/products/collateral/switches/catalyst-6500-series-switches/data_sheet_c78-708665.html",,,,,,,,,,,,,,,,
"Cisco","Switch","OK",2016,2,"LAN Base","4 x SFP+",3650,"WS-C3650-48FQM-L",48,,,775,52000,"WS-C3650-48FQM","?","http://www.cisco.com/c/en/us/products/collateral/switches/catalyst-3650-series-switches/data_sheet_c78-729449.html",,,,,,,,,,,,,,,,
"Meraki","Switch","OK",2016,3,"IP Base","4 x SFP+","MS-350","MS-350-48FP",48,,,740,52000,"MS350-48FP-HW",12349,"https://meraki.cisco.com/products/switches/ms350-48",,,,,,,,,,,,,,,,
"Meraki","Switch","OK",2016,3,"IP Base","4 x SFP+","MS-350","MS-350-48LP",48,,,370,52000,"MS350-48LP-HW",11324,"https://meraki.cisco.com/products/switches/ms350-48",,,,,,,,,,,,,,,,
"Meraki","Switch","OK",2016,3,"IP Base","NONE","MS-420","MS-420-24",24,,,0,480000,"MS420-24-HW",22824,"https://meraki.cisco.com/products/switches/ms420-24",,,,,,,,,,,,,,,,
"Meraki","Switch","OK",2016,3,"IP Base","NONE","MS-420","MS-420-48",48,,,0,960000,"MS420-48-HW",41824,"https://meraki.cisco.com/products/switches/ms420-48",,,,,,,,,,,,,,,,
"Meraki","Switch","OK",2016,3,"IP Base","2 x SFP+","MS-410","MS-410-16",16,,,0,72000,"MS410-16-HW",9029,"https://meraki.cisco.com/products/switches/ms410-16#technology",,,,,,,,,,,,,,,,
"Meraki","Switch","OK",2016,3,"IP Base","4 x SFP+","MS-410","MS-410-32",32,,,0,144000,"MS410-32-HW",15909,"https://meraki.cisco.com/products/switches/ms410-32",,,,,,,,,,,,,,,,
"Meraki","Switch","OK",2016,3,"IP Base","16 x SFP+","MS-420","MS-425-16",16,,,0,480000,"MS425-16-HW",14854,"https://meraki.cisco.com/products/switches/ms425-16",,,,,,,,,,,,,,,,
"Meraki","Switch","OK",2016,3,"IP Base","32 x SFP+","MS-420","MS-425-32",32,,,0,800000,"MS425-32-HW",23324,"https://meraki.cisco.com/products/switches/ms425-32",,,,,,,,,,,,,,,,
"Cisco","WAP","OK",2016,"Wave 1","802.11a/g/n/ac",,1700,"1702i",,15,1000,,,"AIR-CAP1702I-E-K9",695,"http://www.cisco.com/c/en/us/products/collateral/wireless/aironet-1700-series/datasheet-c78-732347.html",,,,,,,,,,,,,,,,
"Cisco","WAP","OK",2016,"Wave 2","802.11a/g/n/ac",,1800,"1852i",,20.9,1000,,,"AIR-AP1852I-E-K9 ÿÿ",995,"http://www.cisco.com/c/en/us/products/collateral/wireless/aironet-1850-series-access-points/datasheet-c78-734256.html?cachemode=refresh",,,,,,,,,,,,,,,,
"Cisco","WAP","OK",2016,"Wave 2","802.11a/g/n/ac",,1800,"1852ic",,20.9,1000,,,"AIR-AP1852I-E-K9C",995,"http://www.cisco.com/c/en/us/products/collateral/wireless/aironet-1850-series-access-points/datasheet-c78-734256.html?cachemode=refresh",,,,,,,,,,,,,,,,
"Cisco","WAP","OK",2016,"Wave 2","802.11a/g/n/ac",,1800,"1832i",,16,1000,,,"AIR-AP1832I-E-K9",695,"http://www.cisco.com/c/en/us/products/collateral/wireless/aironet-1830-series-access-points/datasheet-c78-735582.html?cachemode=refresh",,,,,,,,,,,,,,,,
"Cisco","WAP","OK",2016,"Wave 2","802.11a/g/n/ac",,1800,"1832ic",,16,1000,,,"AIR-AP1832I-E-K9C",695,"http://www.cisco.com/c/en/us/products/collateral/wireless/aironet-1830-series-access-points/datasheet-c78-735582.html?cachemode=refresh",,,,,,,,,,,,,,,,
"Cisco","WAP","OK",2016,"Wave 2","802.11a/g/n/ac",,"1810W","1810W",,12.95,1000,,,"AIR-AP1810W-E-K9",595,"http://www.cisco.com/c/en/us/products/collateral/wireless/aironet-1810w-series-access-points/datasheet-c78-736869.html",,,,,,,,,,,,,,,,
"Cisco","WAP","OK",2016,"Wave 2","802.11ac",,1810,1810,,12.95,1000,,,"AIR-OEAP1810-E-K9",645,"http://www.cisco.com/c/en/us/products/collateral/wireless/aironet-1810-series-officeextend-access-points/datasheet-c78-736868.html",,,,,,,,,,,,,,,,
"Cisco","WAP","EoL",2016,"?","802.11a/g/n",,1140,"1142n",,12.95,1000,,,"AIR-LAP1142N-E-K9","?","http://www.cisco.com/c/en/us/products/collateral/wireless/aironet-1130-ag-series/datasheet_c78-502793.html",,,,,,,,,,,,,,,,
"Cisco","WAP","EoL",2013,"?","802.11g/n",,1140,"1141n",,12.95,1000,,,"AIR-LAP1141N-E-K9","?","http://www.cisco.com/c/en/us/products/collateral/wireless/aironet-1130-ag-series/datasheet_c78-502793.html",,,,,,,,,,,,,,,,
"Cisco","WAP","EoL",2016,"?","802.11a/g/n",,1140,"1142n",,12.95,1000,,,"AIR-AP1142N-E-K9","?","http://www.cisco.com/c/en/us/products/collateral/wireless/aironet-1130-ag-series/datasheet_c78-502793.html",,,,,,,,,,,,,,,,
"Cisco","WAP","EoL",2013,"?","802.11g/n",,1140,"1141n",,12.95,1000,,,"AIR-AP1141N-E-K9","?","http://www.cisco.com/c/en/us/products/collateral/wireless/aironet-1130-ag-series/datasheet_c78-502793.html",,,,,,,,,,,,,,,,
"Cisco","WAP","EoL",2016,"?","802.11a/b/g",,1130,"1131ag",,12.2,100,,,"AIR-AP1131AG-E-K9","?","http://www.cisco.com/c/en/us/products/collateral/wireless/aironet-1130-ag-series/product_data_sheet0900aecd801b9058.html",,,,,,,,,,,,,,,,
"Cisco","WAP","EoL",2016,"?","802.11a/b/g",,1130,"1131ag",,12.2,100,,,"AIR-LAP1131AG-E-K9","?","http://www.cisco.com/c/en/us/products/collateral/wireless/aironet-1130-ag-series/product_data_sheet0900aecd801b9058.html",,,,,,,,,,,,,,,,
"Cisco","WAP","EoL",2016,"?","802.11a/g/n",,1040,"1042n",,12.95,1000,,,"AIR-LAP1042N-E-K9","?","http://www.cisco.com/c/en/us/products/collateral/wireless/aironet-1140-series/data_sheet_c78-609338.html",,,,,,,,,,,,,,,,
"Cisco","WAP","EoL",2013,"?","802.11g/n",,1040,"1041n",,12.95,1000,,,"AIR-LAP1041N-E-K9","?","http://www.cisco.com/c/en/us/products/collateral/wireless/aironet-1140-series/data_sheet_c78-609338.html",,,,,,,,,,,,,,,,
"Cisco","WAP","EoL",2016,"?","802.11a/g/n",,1040,"1042n",,12.95,1000,,,"AIR-AP1042N-E-K9","?","http://www.cisco.com/c/en/us/products/collateral/wireless/aironet-1140-series/data_sheet_c78-609338.html",,,,,,,,,,,,,,,,
"Cisco","WAP","EoL",2013,"?","802.11g/n",,1040,"1041n",,12.95,1000,,,"AIR-AP1041N-E-K9","?","http://www.cisco.com/c/en/us/products/collateral/wireless/aironet-1140-series/data_sheet_c78-609338.html",,,,,,,,,,,,,,,,
"Cisco","WAP","OK",2016,"?","802.11g",,1200,"1231g",,13,100,,,"AIR-AP1231G-E-K9","?","http://www.cisco.com/c/en/us/products/collateral/wireless/aironet-1200-access-point/product_data_sheet09186a00800937a6.html",,,,,,,,,,,,,,,,
"Cisco","WAP","EoL",2016,"?","802.11a/g/n",,1600,"1602i",,12.95,300,,,"AIR-CAP1602I-E-K9 ",695,"http://www.cisco.com/c/en/us/products/collateral/wireless/aironet-1600-series/data_sheet_c78-715702.html",,,,,,,,,,,,,,,,
"Cisco","WAP","OK",2016,"?","802.11a/g/n",,1600,"1602E",,12.95,300,,,"AIR-CAP1602E-E-K9 ",795,"http://www.cisco.com/c/en/us/products/collateral/wireless/aironet-1600-series/data_sheet_c78-715702.html",,,,,,,,,,,,,,,,
"Cisco","WAP","OK",2016,"Wave 2","802.11a/g/n/ac",,2800,"2802i",,26,5200,,,"AIR-AP2802I-E-K9",1295,"http://www.cisco.com/c/en/us/products/collateral/wireless/aironet-2800-series-access-points/datasheet-c78-736497.html",,,,,,,,,,,,,,,,
"Cisco","WAP","OK",2016,"Wave 2","802.11a/g/n/ac",,2800,"2802ic",,26,5200,,,"AIR-AP2802I-E-K9C",1295,"http://www.cisco.com/c/en/us/products/collateral/wireless/aironet-2800-series-access-points/datasheet-c78-736497.html",,,,,,,,,,,,,,,,
"Cisco","WAP","OK",2016,"Wave 2","802.11a/g/n/ac",,2800,"2802E",,26,5200,,,"AIR-AP2802E-E-K9",1395,"http://www.cisco.com/c/en/us/products/collateral/wireless/aironet-2800-series-access-points/datasheet-c78-736497.html",,,,,,,,,,,,,,,,
"Cisco","WAP","OK",2016,"Wave 2","802.11a/g/n/ac",,2800,"2802Ec",,26,5200,,,"AIR-AP2802E-E-K9C",1395,"http://www.cisco.com/c/en/us/products/collateral/wireless/aironet-2800-series-access-points/datasheet-c78-736497.html",,,,,,,,,,,,,,,,
"Cisco","WAP","OK",2016,"Wave 1","802.11a/g/n/ac",,2700,"2702E",,15,1000,,,"AIR-CAP2702E-E-K9",1195,"http://www.cisco.com/c/en/us/products/collateral/wireless/aironet-2700-series-access-point/datasheet-c78-730593.html",,,,,,,,,,,,,,,,
"Cisco","WAP","OK",2016,"Wave 1","802.11a/g/n/ac",,2700,"2702I",,15,1000,,,"AIR-AP2702I-UXK9 ÿÿ",1095,"http://www.cisco.com/c/en/us/products/collateral/wireless/aironet-2700-series-access-point/datasheet-c78-730593.html?cachemode=refresh",,,,,,,,,,,,,,,,
"Cisco","WAP","OK",2016,"?","802.11a/g/n",,2600,"2602i",,12.95,450,,,"AIR-CAP2602I-E-K9",1195,"http://www.cisco.com/c/en/us/products/collateral/wireless/aironet-2600-series/data_sheet_c78-709514.html?cachemode=refresh",,,,,,,,,,,,,,,,
"Cisco","WAP","OK",2016,"?","802.11a/g/n",,2600,"2602E",,12.95,450,,,"AIR-CAP2602E-E-K9",1295,"http://www.cisco.com/c/en/us/products/collateral/wireless/aironet-2600-series/data_sheet_c78-709514.html?cachemode=refresh",,,,,,,,,,,,,,,,
"Cisco","WAP","OK",2016,"?","802.11a/g/n",,3500,"3502i",,12.95,1000,,,"AIR-CAP3502I-E-K9",1295,"http://www.cisco.com/c/en/us/products/collateral/wireless/aironet-1250-series/data_sheet_c78-594630.html",,,,,,,,,,,,,,,,
"Cisco","WAP","OK",2016,"?","802.11g/n",,3500,"3501i",,12.95,1000,,,"AIR-CAP3501I-E-K9",1095,"http://www.cisco.com/c/en/us/products/collateral/wireless/aironet-1250-series/data_sheet_c78-594630.html",,,,,,,,,,,,,,,,
"Cisco","WAP","EoL",2016,"?","802.11a/g/n",,3500,"3502E",,12.95,1000,,,"AIR-CAP3502E-E-K9","?","http://www.cisco.com/c/en/us/products/collateral/wireless/aironet-1250-series/data_sheet_c78-594630.html",,,,,,,,,,,,,,,,
"Cisco","WAP","EoL",2016,"?","802.11g/n",,3500,"3501E",,12.95,1000,,,"AIR-CAP3501E-E-K9","?","http://www.cisco.com/c/en/us/products/collateral/wireless/aironet-1250-series/data_sheet_c78-594630.html",,,,,,,,,,,,,,,,
"Cisco","WAP","OK",2016,"?","802.11a/g/n",,3500,"3502p",,12.95,1000,,,"AIR-CAP3502P-E-K9",1395,"http://www.cisco.com/c/en/us/products/collateral/wireless/aironet-3500p-access-point/data_sheet_c78-676841.html",,,,,,,,,,,,,,,,
"Cisco","WAP","OK",2016,"Wave 2","802.11a/b/g/n/ac",,3800,"3802i",,30,5200,,,"AIR-AP3802I-E-K9",1650,"http://www.cisco.com/c/en/us/products/collateral/wireless/aironet-3800-series-access-points/datasheet-c78-736498.html",,,,,,,,,,,,,,,,
"Cisco","WAP","OK",2016,"Wave 2","802.11a/g/n/ac",,3800,"3802ic",,30,5200,,,"AIR-AP3802I-E-K9C",1650,"http://www.cisco.com/c/en/us/products/collateral/wireless/aironet-3800-series-access-points/datasheet-c78-736498.html",,,,,,,,,,,,,,,,
"Cisco","WAP","OK",2016,"Wave 2","802.11a/b/g/n/ac",,3800,"3802e",,30,5200,,,"AIR-AP3802E-E-K9",1750,"http://www.cisco.com/c/en/us/products/collateral/wireless/aironet-3800-series-access-points/datasheet-c78-736498.html",,,,,,,,,,,,,,,,
"Cisco","WAP","OK",2016,"Wave 2","802.11a/g/n/ac",,3800,"3802ec",,30,5200,,,"AIR-AP3802E-E-K9C",1750,"http://www.cisco.com/c/en/us/products/collateral/wireless/aironet-3800-series-access-points/datasheet-c78-736498.html",,,,,,,,,,,,,,,,
"Cisco","WAP","OK",2016,"Wave 2","802.11a/b/g/n/ac",,3800,"3802p",,30,5200,,,"AIR-AP3802P-E-K9",1750,"http://www.cisco.com/c/en/us/products/collateral/wireless/aironet-3800-series-access-points/datasheet-c78-736498.html",,,,,,,,,,,,,,,,
"Cisco","WAP","OK",2016,"Wave 2","802.11a/g/n/ac",,3800,"3802pc",,30,5200,,,"AIR-AP3802P-E-K9C",1750,"http://www.cisco.com/c/en/us/products/collateral/wireless/aironet-3800-series-access-points/datasheet-c78-736498.html",,,,,,,,,,,,,,,,
"Cisco","WAP","OK",2016,"Wave 1","802.11a/g/n/ac",,3700,"3702i",,15.4,1300,,,"AIR-CAP3702I-E-K9",1495,"http://www.cisco.com/c/en/us/products/collateral/wireless/3700-series-access-point/data_sheet_c78-729421.html",,,,,,,,,,,,,,,,
"Cisco","WAP","OK",2016,"Wave 1","802.11a/g/n/ac",,3700,"3702E",,15.4,1300,,,"AIR-CAP3702E-E-K9",1595,"http://www.cisco.com/c/en/us/products/collateral/wireless/3700-series-access-point/data_sheet_c78-729421.html",,,,,,,,,,,,,,,,
"Cisco","WAP","OK",2016,"Wave 1","802.11a/g/n/ac",,3700,"3700p",,15.4,1300,,,"AIR-CAP3702P-E-K9",1595,"http://www.cisco.com/c/en/us/products/collateral/wireless/3700-series-access-point/data_sheet_c78-729421.html",,,,,,,,,,,,,,,,
"Cisco","WAP","OK",2016,"Wave 1","802.11a/g/n",,3600,"3602i",,15.4,1300,,,"AIR-CAP3602I-E-K9",1645,"http://www.cisco.com/c/en/us/products/collateral/wireless/aironet-3600-series/data_sheet_c78-686782.html",,,,,,,,,,,,,,,,
"Cisco","WAP","OK",2016,"Wave 1","802.11a/g/n",,3600,"3602E",,15.4,1300,,,"AIR-CAP3602E-E-K9",1745,"http://www.cisco.com/c/en/us/products/collateral/wireless/aironet-3600-series/data_sheet_c78-686782.html",,,,,,,,,,,,,,,,
"Cisco","WAP","EoL",2016,"?","802.11a/g/n",,3600,"3600p",,12.95,1000,,,"AIR-CAP3602P-A-K9","?","http://www.cisco.com/c/en/us/products/collateral/wireless/aironet-3600-series/data_sheet_c78-728829.html",,,,,,,,,,,,,,,,
"Cisco","WAP","EoL",2014,"?","802.11a/g/n",,600,"602i",,15,1000,,,"AIR-OEAP602I-E-K9","?","http://www.cisco.com/c/en/us/products/collateral/wireless/aironet-600-series-officeextend-access-point/data_sheet_c78-651456.html",,,,,,,,,,,,,,,,
"Cisco","WAP","OK",2016,"?","802.11a/g/n",,700,"702i",,9.5,1000,,,"AIR-CAP702I-E-K9 ÿÿ",495,"http://www.cisco.com/c/en/us/products/collateral/wireless/aironet-700-series/data_sheet_c78-726725.html",,,,,,,,,,,,,,,,
"Cisco","WAP","OK",2016,"?","802.11a/g/n",,700,"702i",,9.5,1000,,,"AIR-SAP702I-E-K9 ÿÿ",495,"http://www.cisco.com/c/en/us/products/collateral/wireless/aironet-700-series/data_sheet_c78-726725.html",,,,,,,,,,,,,,,,
"Cisco","WAP","OK",2016,"?","802.11a/g/n",,"700W","700W",,29.2,1000,,,"AIR-CAP702W-E-K9 ÿÿ",495,"http://www.cisco.com/c/en/us/products/collateral/wireless/aironet-700-series/data_sheet_c78-728968.html",,,,,,,,,,,,,,,,
"Meraki","WAP","OK",2016,"?","802.11n",,"MR","MR18",,9.8,600,,,"MR18",649,"https://meraki.cisco.com/products/wireless/mr18#tech-specs",,,,,,,,,,,,,,,,
"Meraki","WAP","EoL",2016,"?","802.11n",,"MR","MR26",,13.7,900,,,"MR26",1249,"https://meraki.cisco.com/lib/pdf/meraki_datasheet_MR26.pdf",,,,,,,,,,,,,,,,
"Meraki","WAP","OK",2016,"?","802.11ac",,"MR","MR32",,13.87,1200,,,"MR32",799,"https://meraki.cisco.com/products/wireless/mr32#tech-specs",,,,,,,,,,,,,,,,
"Meraki","WAP","OK",2016,"?","802.11ac",,"MR","MR34",,18,1750,,,"MR34",1399,"https://meraki.cisco.com/products/wireless/mr34#tech-specs",,,,,,,,,,,,,,,,
"Meraki","WAP","OK",2016,"Wave 2","802.11ac",,"MR","MR42",,"N/A",1900,,,"MR42",1099,"https://meraki.cisco.com/products/wireless/mr42",,,,,,,,,,,,,,,,
"Meraki","WAP","OK",2016,"Wave 2","802.11ac",,"MR","MR52",,"N/A",2500,,,"MR52",1399,"https://meraki.cisco.com/products/wireless/mr52",,,,,,,,,,,,,,,,
"Meraki","WAP","OK",2016,"Wave 2","802.11ac",,"MR","MR53",,"N/A",2500,,,"MR53",1699,"https://meraki.cisco.com/products/wireless/mr53",,,,,,,,,,,,,,,,
"Meraki","WAP","OK",2016,"?","802.11n",,"MR","MR62",,"N/A",300,,,"MR62",699,"https://meraki.cisco.com/products/wireless/mr62",,,,,,,,,,,,,,,,
"Meraki","WAP","OK",2016,"?","802.11n",,"MR","MR66",,10.5,600,,,"MR66",1299,"https://meraki.cisco.com/products/wireless/mr66#tech-specs",,,,,,,,,,,,,,,,
"Meraki","WAP","OK",2016,"?","802.11ac",,"MR","MR72",,"N/A",1200,,,"MR72",1599,"https://meraki.cisco.com/products/wireless/mr72",,,,,,,,,,,,,,,,
"Cisco","Switch","EoL",2010,2,"LAN Base","1 x SFP",2940,"WS-C2940-8TF-S",8,,,0,1800,"WS-C2940-8TF-S","?","http://www.cisco.com/c/en/us/products/collateral/switches/catalyst-2940-series-switches/product_data_sheet09186a00801973c8.html",,,,,,,,,,,,,,,,
"Cisco","Switch","EoL",2010,2,"LAN Base","1 x SFP",2940,"WS-C2940-8TT-S",8,,,0,1800,"WS-C2940-8TT-S","?","http://www.cisco.com/c/en/us/products/collateral/switches/catalyst-2940-series-switches/product_data_sheet09186a00801973c8.html",,,,,,,,,,,,,,,,
"Cisco","Switch","EoL",2002,2,"LAN Base","NONE",2950,"WS-C2950-12",12,,,0,1200,"WS-C2950-12","?","http://www.cisco.com/en/US/products/hw/switches/ps628/products_data_sheet09186a00801cfb71.html",,,,,,,,,,,,,,,,
"Cisco","Switch","EoL",2001,2,"LAN Base","NONE",2950,"WS-C2950-24",24,,,0,2400,"WS-C2950-24","?","http://www.cisco.com/en/US/products/hw/switches/ps628/products_data_sheet09186a00801cfb71.html",,,,,,,,,,,,,,,,
"Cisco","Switch","EoL",2001,2,"LAN Base","NONE",2950,"WS-C2950C-24",24,,,0,2400,"WS-C2950C-24","?","http://www.cisco.com/en/US/products/hw/switches/ps628/products_data_sheet09186a00801cfb71.html",,,,,,,,,,,,,,,,
"Cisco","Switch","EoL",2015,2,"LAN Base","2 x SFP",2960,"WS-C2960S-F24PS-L",24,,,370,4400,"WS-C2960S-F24PS-L","?","http://www.cisco.com/c/en/us/products/collateral/switches/catalyst-2960-sf-series-switches/data_sheet_c78-715638.html",,,,,,,,,,,,,,,,
"Cisco","Switch","EoL",2015,2,"LAN Base","4 x SFP",2960,"WS-C2960S-F48FPS-L",48,,,740,8800,"WS-C2960S-F48FPS-L","?","http://www.cisco.com/c/en/us/products/collateral/switches/catalyst-2960-sf-series-switches/data_sheet_c78-715638.html",,,,,,,,,,,,,,,,
"Cisco","Switch","EoL",2006,2,"LAN Base","2 x SFP",3550,"WS-C3550-48-SMI",48,,,0,6800,"WS-C3550-48-SMI","?","http://www.cisco.com/en/US/products/hw/switches/ps646/products_data_sheet09186a00800913d0.html",,,,,,,,,,,,,,,,
"Cisco","Switch","EoL",2013,3,"IP Services","4 x SFP",3560,"WS-C3560G-24TS-E",24,,,0,28000,"WS-C3560G-24TS-E","?","http://www.cisco.com/c/en/us/products/collateral/switches/catalyst-3560-series-switches/product_data_sheet09186a00801f3d7d.html",,,,,,,,,,,,,,,,
"Cisco","Switch","EoL",2013,3,"IP Base","4 x SFP",3560,"WS-C3560G-24TS-S",24,,,0,28000,"WS-C3560G-24TS-S","?","http://www.cisco.com/c/en/us/products/collateral/switches/catalyst-3560-series-switches/product_data_sheet09186a00801f3d7d.html",,,,,,,,,,,,,,,,
"Cisco","Switch","EoL",2010,3,"IP Services","4 x SFP",3750,"WS-C3750-48PS-E",48,,,370,8800,"WS-C3750-48PS-E","?","http://www.cisco.com/c/en/us/products/collateral/switches/catalyst-3750-series-switches/product_data_sheet0900aecd80371991.html",,,,,,,,,,,,,,,,
"Cisco","Switch","EoL",2010,3,"IP Base","4 x SFP",3750,"WS-C3750-48PS-S",48,,,370,8800,"WS-C3750-48PS-S","?","http://www.cisco.com/c/en/us/products/collateral/switches/catalyst-3750-series-switches/product_data_sheet0900aecd80371991.html",,,,,,,,,,,,,,,,
"Cisco","Switch","EoL",2010,3,"IP Services","4 x SFP",3750,"WS-C3750-48TS-E",48,,,0,8800,"WS-C3750-48TS-E","?","http://www.cisco.com/c/en/us/products/collateral/switches/catalyst-3750-series-switches/product_data_sheet0900aecd80371991.html",,,,,,,,,,,,,,,,
"Cisco","Switch","EoL",2010,3,"IP Base","4 x SFP",3750,"WS-C3750-48TS-S",48,,,0,8800,"WS-C3750-48TS-S","?","http://www.cisco.com/c/en/us/products/collateral/switches/catalyst-3750-series-switches/product_data_sheet0900aecd80371991.html",,,,,,,,,,,,,,,,
"Cisco","Switch","EoL",2013,3,"IP Services","4 x SFP+",3750,"WS-C3750E-48TD-E",48,,,740,68000,"WS-C3750E-48TD-E","?","http://www.cisco.com/c/en/us/products/collateral/switches/catalyst-3750-e-series-switches/prod_bulletin0900aecd805bbe54.html",,,,,,,,,,,,,,,,
"Cisco","Switch","EoL",2013,3,"IP Base","4 x SFP+",3750,"WS-C3750E-48TD-S",48,,,740,68000,"WS-C3750E-48TD-S","?","http://www.cisco.com/c/en/us/products/collateral/switches/catalyst-3750-e-series-switches/prod_bulletin0900aecd805bbe54.html",,,,,,,,,,,,,,,,
"Cisco","Switch","EoL",2006,"-","-","-",6500,"WS-6503-E",238,,,0,437000,"WS-6503-E",34126,"http://www.cisco.com/c/en/us/products/collateral/switches/catalyst-6500-series-switches/data_sheet_c78-708665.html",,,,,,,,,,,,,,,,
"Cisco","Switch","OK",2016,3,"IP Services","2 x SFP+",3650,"WS-C3650-24PDM-E",24,,,390,26000,"WS-C3650-24PDM-E","?","http://www.cisco.com/c/en/us/products/collateral/switches/catalyst-3650-series-switches/data_sheet_c78-729449.html",,,,,,,,,,,,,,,,
"Cisco","Switch","EoL",2006,"-","-","-",6500,"WS-6506-E",586,,,0,2104000,"WS-6506-E",41639,"http://www.cisco.com/c/en/us/products/collateral/switches/catalyst-6500-series-switches/data_sheet_c78-708665.html",,,,,,,,,,,,,,,,
"Cisco","Switch","EoL",2006,"-","-","-",6500,"WS-6509-E",934,,,0,3352000,"WS-6509-E",46744,"http://www.cisco.com/c/en/us/products/collateral/switches/catalyst-6500-series-switches/data_sheet_c78-708665.html",,,,,,,,,,,,,,,,
"Cisco","Switch","OK",2016,2,"LAN Base","2 x SFP+",3650,"WS-C3650-24PDM-L",24,,,390,26000,"WS-C3650-24PDM-L","?","http://www.cisco.com/c/en/us/products/collateral/switches/catalyst-3650-series-switches/data_sheet_c78-729449.html",,,,,,,,,,,,,,,,
"Cisco","Switch","OK",2016,3,"IP Base","2 x SFP+",3650,"WS-C3650-24PDM-S",24,,,390,26000,"WS-C3650-24PDM-S","?","http://www.cisco.com/c/en/us/products/collateral/switches/catalyst-3650-series-switches/data_sheet_c78-729449.html",,,,,,,,,,,,,,,,
"Nexus","Switch","OK",2016,"-","-","-",7700,"N77-C7718",1354,,,0,1200000,"N77-C7718",190805,"http://www.cisco.com/c/en/us/products/switches/nexus-7700-18-slot-switch/index.html",,,,,,,,,,,,,,,,
"Nexus","Switch","OK",2016,"-","-","-",7700,"N77-C7710",682,,,0,1200000,"N77-C7710",139771,"http://www.cisco.com/c/en/us/products/switches/nexus-7700-10-slot-switch/index.html",,,,,,,,,,,,,,,,
"Nexus","Switch","OK",2016,"-","-","-",7700,"N77-C7706",346,,,0,1200000,"N77-C7706",102328,"http://www.cisco.com/c/en/us/products/switches/nexus-7700-6-slot-switch/index.html",,,,,,,,,,,,,,,,
"Nexus","Switch","OK",2016,"-","-","-",7700,"N77-C7702",94,,,0,1200000,"N77-C7702",54525,"http://www.cisco.com/c/en/us/products/switches/nexus-7700-2-slot-switch/index.html",,,,,,,,,,,,,,,,
"Nexus","Switch","OK",2016,"-","-","-",7000,"N7K-C7018",896,,,0,550000,"N7K-C7018",134479,"http://www.cisco.com/c/en/us/products/switches/nexus-7000-18-slot-switch/index.html",,,,,,,,,,,,,,,,
"Nexus","Switch","OK",2016,"-","-","-",7000,"N7K-C7010",448,,,0,550000,"N7K-C7010",101909,"http://www.cisco.com/c/en/us/products/switches/nexus-7000-10-slot-switch/index.html",,,,,,,,,,,,,,,,
"Nexus","Switch","OK",2016,"-","-","-",7000,"N7K-C7009",392,,,0,550000,"N7K-C7009",94541,"http://www.cisco.com/c/en/us/products/switches/nexus-7000-9-slot-switch/index.html",,,,,,,,,,,,,,,,
"Nexus","Switch","OK",2016,"-","-","-",7000,"N7K-C7004",112,,,0,440000,"N7K-C7004",46930,"http://www.cisco.com/c/en/us/products/switches/nexus-7000-4-slot-switch/index.html",,,,,,,,,,,,,,,,
,,,,,,,,,,,,,,,,,,,,,,,,,,,,,,,,
